grid_id,flooded,pred_prob,pred_class
37,0,0.8909143009009719,1
38,0,0.2743583422650807,0
39,1,0.2254211400144001,0
40,0,0.08037537701607046,0
41,0,0.032341613727040336,0
42,0,0.07229927018842593,0
43,0,0.017170985936638874,0
44,0,0.057037626984250744,0
45,0,0.8020353519039954,1
54,1,0.47170870429757444,0
55,1,0.5780323852066238,1
103,0,0.05035371228461102,0
104,0,0.11785366102345,0
105,0,0.08682500474807456,0
106,1,0.36580529489955477,0
107,0,0.13241423799054153,0
108,0,0.09169483588191697,0
109,0,0.139319636398807,0
110,0,0.26077767391316475,0
111,1,0.752024252042144,1
112,1,0.8148597156143578,1
113,1,0.6615914673609469,1
114,1,0.7076849355599172,1
115,0,0.2037675469516285,0
116,0,0.5330261768524899,1
117,0,0.5443761627002661,1
118,1,0.5879938943745793,1
120,1,0.6123808486352653,1
121,1,0.639458325899066,1
122,1,0.7304088634535154,1
123,1,0.6470851232856203,1
170,0,0.007117887824169946,0
171,0,0.013738151930318337,0
172,0,0.01857676563449001,0
173,0,0.39615022360360935,0
174,1,0.19143712311525743,0
175,0,0.07133256907527719,0
176,0,0.05892533223034681,0
177,0,0.6239410579637507,1
178,1,0.5123453105395309,1
179,0,0.1598000565062243,0
180,0,0.02019560171093654,0
181,0,0.009390818947781134,0
182,0,0.03903303183377893,0
183,0,0.41822375653433924,0
184,1,0.7664324488384621,1
185,1,0.9998889977518589,1
186,1,0.6038980674619341,1
187,1,0.6879143843562759,1
188,1,0.5387648295639218,1
189,0,0.5568171973572792,1
190,1,0.9321323843157727,1
191,1,0.9842665058989788,1
192,1,0.9048135107469261,1
193,1,0.5586326026289702,1
194,1,0.6295981966249486,1
235,0,0.024407923841561274,0
236,0,0.18166893841378878,0
237,0,0.022312995918074455,0
238,0,0.06956408152744241,0
239,0,0.017804494625569697,0
240,0,0.19557828613680175,0
241,1,0.550961852638715,1
242,1,0.367556078694731,0
243,1,0.6716663988899289,1
244,0,0.23069145113882114,0
245,0,0.07397782779349542,0
246,0,0.33011194599462307,0
247,0,0.03489708685391768,0
248,0,0.03929244241875884,0
249,0,0.7490512732548132,1
250,1,0.47832282200759935,0
251,1,0.9999834809308017,1
252,1,0.40002426363889376,0
253,1,0.8622713986449012,1
254,1,0.3421050337169827,0
255,0,0.17558337040238844,0
256,0,0.04018515326331651,0
257,0,0.00525492370302793,0
258,0,0.02446765125157219,0
259,1,0.6911226222136407,1
260,1,0.9656494833175024,1
261,1,0.9661385443628359,1
262,1,0.9680680393790542,1
267,1,0.7120587348482569,1
268,1,0.9402416543096207,1
302,0,0.008657306304774818,0
303,0,0.14818699920344622,0
304,0,0.07770865471191589,0
305,0,0.06565966843140265,0
306,0,0.005284157610291902,0
307,0,0.006235742029278975,0
308,0,0.0423494430966901,0
309,0,0.25606682970482075,0
310,0,0.13637612065604984,0
311,0,0.01399570526431462,0
312,0,0.02191164696529286,0
313,0,0.02827654268855908,0
314,0,0.027514707343422956,0
315,1,0.7548564388062958,1
316,1,0.3737753155428676,0
317,1,0.5941872494097526,1
318,1,0.42640856726045506,0
319,1,0.7670623141728081,1
320,0,0.47932194751447166,0
321,0,0.23494730878118744,0
322,0,0.05180075408758788,0
323,0,0.04513978305509352,0
324,0,0.01054925977684986,0
325,0,0.0031227194974822836,0
326,0,0.006950337252858664,0
327,0,0.13243558874592246,0
328,0,0.13192486514896612,0
329,0,0.6095829982535618,1
330,1,0.961080300295139,1
331,1,0.9802815085900515,1
332,1,0.8446665771532137,1
333,1,0.7883086466499252,1
334,1,0.9502978214268069,1
335,1,0.9905401115135183,1
369,0,0.008034557715921964,0
370,0,0.026737974372006097,0
371,0,0.09992654314617347,0
372,0,0.04794116531620908,0
373,0,0.012220182166740904,0
374,0,0.1297418974083297,0
375,0,0.25794034871310884,0
376,0,0.2811027899685918,0
377,0,0.03176643428392689,0
378,0,0.052414555268821425,0
379,0,0.14625948024758104,0
380,0,0.24947072765422357,0
381,1,0.21839785554809577,0
382,1,0.02585195289760775,0
383,1,0.3017372584744727,0
384,1,0.998748757218446,1
385,1,0.855970938166961,1
386,0,0.17718367941465188,0
387,0,0.007547500126617156,0
388,0,0.03761226062826275,0
389,0,0.026321291318433755,0
390,0,0.14226344746100034,0
391,0,0.06954263907220128,0
392,0,0.06101800466508772,0
393,0,0.03406027197614161,0
394,0,0.0445769622243986,0
395,0,0.011472963322059835,0
396,0,0.016512433796415697,0
397,0,0.010443220071542293,0
398,0,0.009627442082963879,0
399,0,0.06795065479183471,0
400,0,0.21164976412274122,0
401,0,0.20433552549044898,0
402,0,0.3434802641856793,0
436,0,0.03299298498117322,0
437,0,0.012736371181210515,0
438,0,0.03241469783298311,0
439,0,0.05303148032632421,0
440,0,0.022701072088696997,0
441,0,0.2967250853632126,0
442,0,0.29554630023134987,0
443,0,0.06855690355523662,0
444,0,0.016473086846278677,0
445,0,0.07509442414375311,0
446,0,0.07628008043980705,0
447,0,0.7639846699391072,1
448,1,0.1394182047372058,0
449,1,0.05569482249688853,0
450,1,0.9892065100940287,1
451,1,0.658311131062478,1
452,1,0.9238701946570929,1
453,0,0.007763504891325142,0
454,0,0.02762081512386406,0
455,0,0.1352020888285126,0
456,0,0.050803528658609355,0
457,0,0.03135803147977778,0
458,0,0.08728454384598493,0
459,0,0.1348973790043562,0
460,0,0.13959921432012146,0
461,0,0.02753569269950724,0
462,0,0.008833276365132037,0
463,0,0.15312408054363008,0
464,0,0.023018283021026417,0
465,0,6.437655537031133e-4,0
466,0,1.7092016864786656e-4,0
467,0,9.662482640902766e-4,0
468,0,0.040535796928007795,0
469,0,0.3859804749090082,0
503,0,0.10679758531378232,0
504,0,0.03213163973367416,0
505,0,0.03187647316811095,0
506,0,0.2145254081783828,0
507,0,0.04099812645466684,0
508,0,0.2889729205130396,0
509,0,0.16876633606083447,0
510,0,0.026894338522180313,0
511,0,0.0837611300055409,0
512,0,0.158207160944009,0
513,1,0.3604716253652224,0
514,1,0.8835265805770272,1
515,1,0.27797589720561205,0
516,1,0.39742918067543626,0
517,1,0.9999861237941604,1
518,1,0.9529690403361784,1
519,0,0.02503766513315818,0
520,0,6.384439641964408e-4,0
521,0,0.004901395130223514,0
522,0,0.06107724856987717,0
523,0,0.0371818128344544,0
524,0,0.07680966119998234,0
525,0,0.221925633810923,0
526,0,0.1106735255566798,0
527,0,0.0696593549944192,0
528,0,0.05996139016504005,0
529,0,0.038812264538476804,0
530,0,0.0502835356328378,0
531,0,0.0074645266581136425,0
532,0,2.7031640298213203e-4,0
533,0,4.569937596465349e-5,0
534,0,9.375011847475441e-4,0
535,0,0.04621116894242266,0
536,0,0.3573571353285992,0
566,0,0.04352960176768809,0
567,0,0.08865011613569594,0
570,0,0.13578899516529028,0
571,0,0.016001040988115934,0
572,0,0.02724727818708121,0
573,0,0.12528745932618357,0
574,0,0.07225647361374934,0
575,0,0.29617060621853386,0
576,0,0.03945983003183261,0
577,0,0.10142009530439068,0
578,0,0.31587199674629063,0
579,0,0.124300907155121,0
580,1,0.11149934189296679,0
581,1,0.7352388512079556,1
582,1,0.1865162476960014,0
583,1,0.4947734009263182,0
584,1,0.999999996853582,1
585,0,0.6909479768411475,1
586,0,0.020497247574021157,0
587,0,0.0013350057133079383,0
588,0,0.005929419812285529,0
589,0,0.03648716316394102,0
590,0,0.005995655974780927,0
591,0,0.007363406929037767,0
592,0,0.015880479072419944,0
593,0,0.0031056994416869383,0
594,0,0.014475309501745654,0
595,0,0.2399455867140858,0
596,0,0.1965520941351635,0
597,0,0.1690621920458233,0
598,0,0.017522903362727764,0
599,0,0.0030265840494090785,0
600,0,1.8760856476967802e-4,0
601,0,9.176476770607124e-4,0
602,0,0.04879074591680255,0
603,0,0.45637155898948606,0
621,0,0.006613067221055845,0
622,0,0.002820975495270213,0
623,0,7.444258475127449e-4,0
624,0,0.0013280076576090637,0
625,0,9.069962734149205e-4,0
626,0,0.002678042484788361,0
627,0,0.012028352373677742,0
628,0,0.003617370851689001,0
629,0,5.960982694522616e-4,0
630,0,9.160170841950952e-4,0
631,0,0.0014031011931315966,0
632,0,0.002007145304062379,0
633,0,0.04322800301736128,0
634,0,0.005540309000080233,0
635,0,0.010377632853135397,0
637,0,0.09104187454513794,0
638,0,0.03779004500168886,0
639,0,0.01861941022248808,0
640,0,0.037795875020864456,0
641,0,0.3536393846773128,0
642,0,0.19021629835961676,0
643,0,0.026761779247409693,0
644,0,0.0747537135144672,0
645,0,0.18954377055699959,0
646,0,0.06841994694273343,0
647,1,0.30562279005322995,0
648,1,0.2701410911175381,0
649,1,0.4858741126396238,0
650,1,0.9991508251155039,1
651,1,0.9029657298148738,1
652,0,0.1916531317265483,0
653,0,0.017849568228896582,0
654,0,0.007200602791163256,0
655,0,0.10716923562776633,0
656,0,0.19452223748253164,0
657,0,0.012869153171632987,0
658,0,0.002311824120697297,0
659,0,0.007598778912380498,0
660,0,0.003263246836828285,0
661,0,0.002650786802528844,0
662,0,0.04200129719247369,0
663,0,0.044431469768302444,0
664,0,0.09461669584683652,0
665,0,0.1820459932551066,0
666,0,0.02264118972238153,0
667,0,5.859538930377813e-4,0
668,0,0.006113422290327537,0
669,0,0.13768133290371748,0
670,0,0.38796541642492266,0
688,0,3.3825826872405616e-4,0
689,0,5.371357144660411e-4,0
690,0,0.0010193709270602984,0
691,0,0.001927319326404091,0
692,0,0.005984335876842851,0
693,0,0.004985360688855446,0
694,0,0.0027170775040675473,0
695,0,0.0059684493651002675,0
696,0,0.0075626386420598705,0
697,0,0.016871841529065096,0
698,0,0.015547080743637264,0
699,0,0.004203950249650907,0
700,0,8.830873977544576e-4,0
701,0,0.004907527835286261,0
702,0,0.05600542946794659,0
703,0,0.13417406676430996,0
704,0,0.03866146908645753,0
705,0,0.023652723326092886,0
706,0,0.03269200898168334,0
707,0,0.25105061505237897,0
708,0,0.381722829789245,0
709,0,0.12236254397194848,0
710,0,0.04963343700178208,0
711,0,0.18633324479746013,0
712,0,0.03048583064134917,0
713,0,0.15407529820891872,0
714,1,0.8656566294031853,1
715,1,0.6204039563713394,1
716,1,0.9999999633296303,1
717,1,0.9912433211438951,1
718,0,0.12886224750061417,0
719,0,0.028747088162545495,0
720,0,0.019542295028758223,0
721,0,0.1448701782962516,0
722,1,0.37136752150749425,0
723,1,0.21225638067146677,0
724,0,0.13159072702463293,0
725,0,0.028334877091060317,0
726,0,0.17054305828774793,0
727,0,0.07612388318118386,0
728,0,0.006815925992949929,0
729,0,0.0021320011266713155,0
730,0,0.033081748671677486,0
731,0,0.1475336365440367,0
732,0,0.19304623109895394,0
733,0,0.01193622741048226,0
734,0,0.0010423398906133016,0
735,0,0.02126683348918057,0
736,0,0.33022693634606926,0
737,0,0.11713558605250021,0
754,0,0.0017743757994742124,0
755,0,5.676088636131509e-5,0
756,0,5.261786107623842e-5,0
757,0,0.0010123600069133897,0
758,0,0.011896891065466637,0
759,0,0.0038649048516250675,0
760,0,0.0020793283507609204,0
761,0,0.0034328885296241412,0
762,0,0.008452954187705485,0
763,0,0.0021458971443048362,0
764,0,0.0037801014870320194,0
765,0,0.0015641656204621256,0
766,0,0.014208080889408328,0
767,0,0.010037282453947608,0
768,0,9.709186530732046e-4,0
769,0,0.005196374719624502,0
770,0,0.16596794181526575,0
771,0,0.08077040936908642,0
772,0,0.0024758979561671198,0
773,0,0.006913193173640968,0
774,0,0.22894315816843103,0
775,0,0.21588509721827545,0
776,0,0.10320512518443234,0
777,0,0.055268581433824966,0
778,0,0.13292559509306837,0
779,0,0.049330533315376277,0
780,0,0.024983191063561446,0
781,1,0.841880245838841,1
782,1,0.6359333308365999,1
783,1,0.5723752936041717,1
784,1,0.8328660216749814,1
785,0,0.04132886823842548,0
786,1,0.2537576072248793,0
787,0,0.22809168285804626,0
788,0,0.20105303243165348,0
789,0,0.209806677541206,0
790,0,0.21709862823628506,0
791,0,0.038603955026905605,0
792,0,0.014436580779141867,0
793,0,0.2113442457970262,0
794,0,0.30826026841047555,0
795,0,0.05531447651396154,0
796,0,0.008628729269729176,0
797,0,0.01026133832912538,0
798,0,0.019037404997074514,0
799,0,0.022967682363436687,0
800,0,0.0047711863743577915,0
801,0,0.004584420388931985,0
802,0,0.16811924840397824,0
803,0,0.23774781549988505,0
821,0,7.778757937955014e-4,0
822,0,1.8199211685945987e-5,0
823,0,1.1604099379962536e-5,0
824,0,1.99967167107925e-4,0
825,0,6.409373268313479e-4,0
826,0,7.267936872991692e-4,0
827,0,0.0016540878276115603,0
828,0,6.433915415946244e-4,0
829,0,3.8847968989987167e-4,0
830,0,3.016827489706756e-4,0
831,0,0.0012146149813203376,0
832,0,0.0029420176312045547,0
833,0,0.031489223735689666,0
834,0,0.02406588849434975,0
835,0,9.343591239704572e-4,0
836,0,0.0027226876535753368,0
837,0,0.051612416864778674,0
838,0,0.01839761522890839,0
839,0,0.001092636500460846,0
840,0,0.002498664903661644,0
841,0,0.04445518448567011,0
842,0,0.1758208540954911,0
843,0,0.03514917083026236,0
844,0,0.15020046182067467,0
845,0,0.40900897903516126,0
846,0,0.20849877465649366,0
847,0,0.02140911500786387,0
848,0,0.5486328572678955,1
849,1,0.3729791791357075,0
850,1,0.9999740085864677,1
851,1,0.7951542158548924,1
852,0,0.019336443851958783,0
853,1,0.1894259725340775,0
854,0,0.2258515507519796,0
855,0,0.3199024393627726,0
856,0,0.3967695006831507,0
857,0,0.23356498467328604,0
858,0,0.16833116447582191,0
859,0,0.09259969908052512,0
860,0,0.3861497213326734,0
861,0,0.3946053371429016,0
862,0,0.2634585152529343,0
863,0,0.21284466132643584,0
864,0,0.03352299479472868,0
865,0,0.025798215907824263,0
866,0,0.06170921293333984,0
867,0,0.04534340759253879,0
868,0,0.056320991624138776,0
869,0,0.1470586514334221,0
870,0,0.19493352761386243,0
888,0,4.324091925477036e-4,0
889,0,3.7118326401153805e-5,0
890,0,2.3458041587041368e-5,0
891,0,3.527220369110139e-4,0
892,0,0.0019755327439633136,0
893,0,0.0035096292531444336,0
894,0,0.011047567409810048,0
895,0,5.735276822244477e-4,0
896,0,1.7456930865747026e-5,0
897,0,1.228248794070858e-4,0
898,0,0.02150000473319359,0
899,0,0.0724184226459659,0
900,0,0.006167474767190164,0
901,0,0.044971007994772313,0
902,0,0.01571393548592459,0
903,0,7.899183291788204e-4,0
904,0,0.0013922584395164484,0
905,0,0.0014760249638823052,0
906,0,2.382216222836269e-4,0
907,0,9.737912791786295e-4,0
908,0,0.02231846605871813,0
909,0,0.11733284587762861,0
910,0,0.07884530754526199,0
911,0,0.06779759606512342,0
912,0,0.09692673785917008,0
913,0,0.14112360777112792,0
914,0,0.6687624842451213,1
915,1,0.9161108082460132,1
916,1,0.6274828173426422,1
917,1,0.909759594177219,1
918,1,0.7156778960007067,1
919,0,0.018791376092667064,0
920,0,0.061421329352130564,0
921,0,0.17296866727557764,0
922,0,0.10565355999171103,0
923,0,0.17852995603714772,0
924,0,0.29797757951745274,0
925,0,0.35638334655310305,0
926,0,0.27237129440269914,0
927,0,0.1975022669114131,0
928,0,0.17019315634593946,0
929,0,0.1897869901614276,0
930,0,0.26687524506982047,0
931,0,0.08950527008877208,0
932,0,0.170192898417894,0
933,0,0.1780457035049493,0
934,0,0.0546745893934851,0
935,0,0.08079787149057054,0
936,0,0.2190504167021071,0
937,0,0.22268492997231074,0
955,0,0.0021282751664175982,0
956,0,0.0011790348177056374,0
957,0,1.4632983182355776e-4,0
958,0,0.0017473677973496129,0
959,0,0.007514612687850853,0
960,0,0.001381907151847406,0
961,0,0.0014024495330936084,0
962,0,2.7973120149768607e-4,0
963,0,5.945932770356393e-5,0
964,0,7.484865125823943e-4,0
965,0,0.019166292031872558,0
966,0,0.04048626516174501,0
967,0,0.00620238399171378,0
968,0,0.06113297242462798,0
969,0,0.010389640033107618,0
970,0,4.6864814154773355e-4,0
971,0,4.5780664397910913e-5,0
972,0,4.096691126555118e-5,0
973,0,1.658497150585756e-5,0
974,0,1.7054194933410597e-4,0
975,0,0.0012674449571037415,0
976,0,0.03974038911180876,0
977,0,0.29296128799671745,0
978,0,0.28688699796745765,0
979,0,0.23238768032350496,0
980,0,0.8402100330588143,1
981,0,0.6809448329903698,1
982,0,0.43543979834556473,0
983,1,0.3972187603537927,0
984,1,0.9995810882410601,1
985,1,0.6291651611495048,1
986,0,0.17180462469987573,0
987,1,0.35003130732775956,0
988,0,0.20766450273457301,0
989,0,0.065523390374664,0
990,0,0.2613201545072555,0
991,0,0.12278937982232414,0
992,0,0.2333249666541536,0
993,0,0.4534922722847489,0
994,0,0.2990333336597732,0
995,0,0.24281523264657703,0
996,0,0.21345076066283183,0
997,0,0.3273346238749981,0
998,0,0.19530115722577407,0
999,0,0.20136144099291214,0
1000,0,0.18118349786157184,0
1001,0,0.04482824747352315,0
1002,0,0.09589235329614443,0
1003,0,0.17837055225004403,0
1004,0,0.026565671301713705,0
1022,0,0.15343066068131486,0
1023,0,0.013653192243655155,0
1024,0,2.720520216629221e-4,0
1025,0,0.0018789200470684954,0
1026,0,0.00851993170359593,0
1027,0,7.318650436776468e-4,0
1028,0,8.523396742064552e-5,0
1029,0,6.683818320974604e-4,0
1030,0,0.0055097508753209085,0
1031,0,0.002455039961813336,0
1032,0,0.006579345625900088,0
1033,0,0.004263575104588052,0
1034,0,0.004172868591894507,0
1035,0,0.025238943053133282,0
1036,0,0.007595252561585885,0
1037,0,0.0011871629533127266,0
1038,0,1.7505973576046038e-4,0
1039,0,2.6209802553674584e-4,0
1040,0,9.31062376446986e-5,0
1041,0,1.7103233550799337e-4,0
1042,0,6.408060801576183e-4,0
1043,0,0.014629168223616566,0
1044,0,0.11219697169910381,0
1045,0,0.2717730483506443,0
1046,1,0.6555011506310937,1
1047,1,0.72377636158198,1
1048,0,0.2218793921233067,0
1049,0,0.04219633077034447,0
1050,0,0.12597692418765966,0
1051,1,0.5281625234876759,1
1052,1,0.9992784714160552,1
1053,1,0.6952780229264809,1
1054,1,0.4568406183769075,0
1055,0,0.31801790337141594,0
1056,0,0.133327925642144,0
1057,0,0.4088210204763022,0
1058,0,0.18070883996176532,0
1059,0,0.04560365973915833,0
1060,0,0.2305944280734783,0
1061,0,0.364463679471105,0
1062,0,0.1364029242730141,0
1063,0,0.24562320713559319,0
1064,0,0.3847878887850011,0
1065,0,0.3131658134581931,0
1066,0,0.22104599476171563,0
1067,0,0.3996227198347712,0
1068,0,0.15093237946891097,0
1069,0,0.16511280842916587,0
1070,0,0.1253520627997651,0
1071,0,0.003086583643519503,0
1093,0,0.003416799467282409,0
1094,0,0.004868585272609448,0
1095,0,0.0017259905107750086,0
1096,0,0.008890105881170304,0
1097,0,0.07934081425444892,0
1098,0,0.022499150270119485,0
1099,0,0.10105136145518206,0
1100,0,0.026304772735642842,0
1101,0,0.02228872482564477,0
1102,0,0.10752838539796646,0
1103,0,0.20217463029185795,0
1104,0,0.03459304753776907,0
1105,0,0.006751027872254141,0
1106,0,0.011545149144817789,0
1107,0,0.0018504022779677646,0
1108,0,0.012287066673254379,0
1109,0,8.210842728633945e-4,0
1110,0,0.002251629368733127,0
1111,0,0.03404390664370527,0
1112,0,0.5713400703317537,1
1113,1,0.5357380338306201,1
1114,0,0.2579107439397427,0
1115,0,0.006778868936267272,0
1116,0,0.0038149833730433506,0
1117,0,0.030857704147435314,0
1118,0,0.0887205007585979,0
1119,1,0.1309493674763009,0
1120,1,0.9999830516634899,1
1121,0,0.13355483542635949,0
1122,0,0.21558354794971693,0
1123,0,0.37811517174139037,0
1124,0,0.20784900112262353,0
1125,0,0.026817815629045328,0
1126,0,0.07116061941255976,0
1127,0,0.13924414660469117,0
1128,0,0.23150361817097484,0
1129,0,0.22763388485442224,0
1130,0,0.10559096709807761,0
1131,0,0.42194370108962015,0
1132,0,0.4275981575207189,0
1133,0,0.23731656638170717,0
1134,0,0.112578384782808,0
1135,0,0.15370864085077718,0
1136,0,0.30633395349964065,0
1137,0,0.02494321611629828,0
1138,0,0.0012988123837983168,0
1166,0,0.32837232133083366,0
1167,0,0.7714787506946341,1
1168,0,0.7061432992837863,1
1169,0,0.748488990678863,1
1170,1,0.47261294366840295,0
1171,0,0.4058175259320097,0
1172,0,0.10184010364393592,0
1173,0,0.1733097507096485,0
1174,0,0.04149323946861011,0
1175,0,0.5013799535355066,1
1176,0,0.03808024963993729,0
1177,0,0.047957051574786254,0
1178,1,0.18170482872130092,0
1179,1,0.518589986308889,1
1180,0,0.5363602613807038,1
1181,0,0.03160581201900901,0
1182,0,0.002486082617646022,0
1183,0,3.018909255186658e-4,0
1184,0,0.008569951684571418,0
1185,0,0.06794563102986949,0
1186,1,0.35460182450734085,0
1187,1,0.8436550637470316,1
1188,0,0.22118367828910696,0
1189,0,0.032420976357654084,0
1190,0,0.0337325323197227,0
1191,0,0.01760037514752111,0
1192,0,0.018091214713134122,0
1193,0,0.34266121507010056,0
1194,0,0.34468708039471546,0
1195,0,0.2866980571136568,0
1196,0,0.45212426684195006,0
1197,0,0.2610273278235979,0
1198,0,0.3907329291875781,0
1199,0,0.32801418668452176,0
1200,0,0.19239435038925976,0
1201,0,0.021404795682710323,0
1202,0,0.18177416058088852,0
1203,0,0.16577895186084096,0
1204,0,0.020763504228202247,0
1205,0,0.017029497916952553,0
1233,1,0.4035694899317071,0
1234,0,0.0786246448475384,0
1235,1,0.2627118645510948,0
1236,0,0.5220924132832336,1
1237,1,0.5384796645630388,1
1238,1,0.584686665562868,1
1239,0,0.2758974683707996,0
1240,0,0.5880594438709315,1
1241,0,0.6219135116753972,1
1242,1,0.62251958058104,1
1243,0,0.4942682595680308,0
1244,0,0.5486256793126985,1
1245,1,0.7152760934084853,1
1246,1,0.6616451204821601,1
1247,0,0.06534181127218493,0
1248,0,0.008031376272813725,0
1249,0,5.277954208045062e-4,0
1250,0,4.605041824002631e-4,0
1251,0,0.028271951650416273,0
1252,0,0.07274126837952086,0
1253,1,0.3922097464287397,0
1254,1,0.9990533814166668,1
1255,0,0.12222453717184709,0
1256,0,0.0021520123578368535,0
1257,0,0.0017897684810742017,0
1258,0,0.04668158702999696,0
1259,0,0.08959640567939262,0
1260,0,0.20958801802590646,0
1261,0,0.2902218357315791,0
1262,0,0.3705788984858587,0
1263,0,0.3035992893562265,0
1264,0,0.38753918179394403,0
1265,0,0.4086501985129211,0
1266,0,0.2527910790441165,0
1267,0,0.08522443381767635,0
1268,0,0.07091386622510013,0
1300,0,0.024705213819037706,0
1301,0,0.006166007529084196,0
1302,0,0.00610213074947254,0
1303,0,0.008383695842332499,0
1304,0,0.16432248124299836,0
1305,1,0.9188855092050602,1
1306,0,0.8352510918603658,1
1307,0,0.6387273065601918,1
1308,0,0.5580809969330022,1
1309,0,0.47020011341198603,0
1310,0,0.09320268488060827,0
1311,0,0.1942926390588174,0
1312,0,0.358685899447399,0
1313,0,0.07326324197438887,0
1314,0,0.004608624394992915,0
1315,0,0.0014773189818456053,0
1316,0,3.0671318525522535e-4,0
1317,0,0.002231648490623511,0
1318,1,0.24782364715132654,0
1319,1,0.28042595571895845,0
1320,1,0.7818150203516905,1
1321,1,0.9783952745539116,1
1322,0,0.046143419210435216,0
1323,0,8.779319884782895e-4,0
1324,0,0.0038379844756281185,0
1325,0,0.17252206532810857,0
1326,0,0.19204002140767176,0
1327,0,0.07172226733141442,0
1328,0,0.15210238901372483,0
1329,0,0.3802842260297655,0
1330,0,0.06736267958822943,0
1331,0,0.2664217078705835,0
1332,0,0.20626492453426523,0
1333,0,0.3371391392114236,0
1334,0,0.09477876819999947,0
1335,0,0.07238536621496712,0
1336,0,0.8399191921156305,1
1337,0,0.19298838948473018,0
1367,0,9.977306414177317e-4,0
1368,0,1.4709708206462994e-4,0
1369,0,5.1839295024841074e-5,0
1370,0,1.790124983669688e-4,0
1371,0,0.003273957295381596,0
1372,0,0.04780582311966324,0
1373,0,0.30141735890732135,0
1374,0,0.3204296925019962,0
1375,0,0.19315666366884982,0
1376,0,0.18426748686240516,0
1377,0,0.011374917370494588,0
1378,0,0.04802099848615615,0
1379,0,0.2136845437110855,0
1380,0,0.11549138098185921,0
1381,0,0.004500577689014157,0
1382,0,6.656926709011786e-4,0
1383,0,0.0012296643227921516,0
1384,0,0.018632161907546498,0
1385,1,0.5770342972514249,1
1386,1,0.7345718948525253,1
1387,1,0.9187660099892205,1
1388,1,0.6278469530155952,1
1389,0,0.04058546064562802,0
1390,0,9.86642837094598e-4,0
1391,0,4.180636833494403e-4,0
1392,0,0.013485650960686017,0
1393,0,0.03799546681694493,0
1394,0,0.092089373048937,0
1395,0,0.07163457321121929,0
1396,0,0.10975002642177784,0
1397,0,0.07420340517865777,0
1398,0,0.3340478982781649,0
1399,0,0.29529569076491197,0
1400,0,0.5658376346198017,1
1401,0,0.19345850732274958,0
1402,0,0.896972159170399,1
1403,0,0.150890700285764,0
1404,0,0.09221582807781012,0
1434,0,4.015942950908232e-5,0
1435,0,3.1031814689855566e-6,0
1436,0,1.8264687300193541e-6,0
1437,0,5.0467744143935724e-5,0
1438,0,0.0042138407072619755,0
1439,0,0.04937411111176303,0
1440,0,0.08388224596682176,0
1441,0,0.012036034696709903,0
1442,0,0.1295647223864392,0
1443,0,0.046488515222938655,0
1444,0,0.002137519829078723,0
1445,0,0.04095607392970274,0
1446,0,0.30089626314995294,0
1447,0,0.17528931742498158,0
1448,0,0.0062913322021679275,0
1449,0,0.002188867502351524,0
1450,0,0.01393495864903011,0
1451,0,0.2598787172434725,0
1452,1,0.8988576742287787,1
1453,1,0.7061927798409267,1
1454,0,0.8585745291344715,1
1455,0,0.2941286225608984,0
1456,0,0.17325619245271034,0
1457,0,0.009002980342724998,0
1458,0,9.289336901463914e-4,0
1459,0,0.03755576115843134,0
1460,0,0.33173804722637695,0
1461,0,0.15184230238800858,0
1462,0,0.09971968217631459,0
1463,0,0.25568166361842953,0
1464,0,0.3087910618811104,0
1465,0,0.26097164119809374,0
1466,0,0.28912412649498254,0
1467,0,0.5151627272994398,1
1468,0,0.48881042720551754,0
1469,0,0.7833385880057939,1
1470,0,0.046789363352607846,0
1471,0,0.02033420995438421,0
1501,0,4.085973039202474e-7,0
1502,0,1.0966097050382609e-7,0
1503,0,8.319648490535669e-7,0
1504,0,3.3919462860721266e-5,0
1505,0,0.0015584851230750413,0
1506,0,0.05943433671533181,0
1507,0,0.06942942956386887,0
1508,0,0.005940874727177047,0
1509,0,0.00774963722511218,0
1510,0,0.0027603711874985516,0
1511,0,9.397453989119683e-4,0
1512,0,0.012155029405353884,0
1513,0,0.2204279897232127,0
1514,0,0.04041881324054628,0
1515,0,0.015044963717916067,0
1516,0,0.05118768160866526,0
1517,0,0.16713591801336197,0
1518,1,0.9906102557505423,1
1519,1,0.20662326781699367,0
1520,0,0.5197887594649411,1
1521,0,0.720867180598999,1
1522,0,0.20116397711898884,0
1523,0,0.19539262429779955,0
1524,0,0.026217510349961528,0
1525,0,0.009999354093708283,0
1526,0,0.06940136880347515,0
1527,0,0.45029834285550785,0
1528,0,0.24405958230372535,0
1529,0,0.33680385048045186,0
1530,0,0.23986936129869088,0
1531,0,0.3084076146068739,0
1532,0,0.4013492837369722,0
1533,0,0.3697964290279757,0
1534,0,0.4472456242586372,0
1535,0,0.40106912648662857,0
1536,0,0.7893647830788529,1
1537,0,0.029541278787723422,0
1538,0,0.010461730558021748,0
1539,0,0.17414086012055577,0
1568,0,8.842651201896907e-9,0
1569,0,7.944946858145932e-9,0
1570,0,4.5380345804059797e-7,0
1571,0,2.2763536117051386e-5,0
1572,0,0.0017628985950962081,0
1573,0,0.024758255838377423,0
1574,0,0.017585043887023966,0
1575,0,0.002012522673746535,0
1576,0,8.163838412196287e-4,0
1577,0,0.005490306221407075,0
1578,0,0.03461113515431214,0
1579,0,0.011973766569576627,0
1580,0,0.06922034613532262,0
1581,0,0.08080517984066066,0
1582,0,0.34384444801309993,0
1583,0,0.4396418334040811,0
1584,1,0.7023166626615611,1
1585,1,0.9999991519691656,1
1586,1,0.0442434154021914,0
1587,0,0.2735668875884576,0
1588,0,0.2888124953244814,0
1589,0,0.017751031504948445,0
1590,0,0.024686817792391402,0
1591,0,0.04679229194066896,0
1592,0,0.11864065912519317,0
1593,0,0.32041038947375233,0
1594,0,0.2862761024782583,0
1595,0,0.2146683348119481,0
1596,0,0.1438155267811525,0
1597,0,0.15583790658693578,0
1598,0,0.35597799942685554,0
1599,0,0.5170796530957777,1
1600,0,0.34142662240895966,0
1601,0,0.32897718900838024,0
1602,0,0.40607984429403216,0
1603,0,0.8575132226126789,1
1604,0,0.30526228717991105,0
1605,0,0.048188252146621605,0
1606,0,0.10377068541410528,0
1635,0,1.926781959881176e-9,0
1636,0,1.2636399846968986e-8,0
1637,0,2.588719757815006e-7,0
1638,0,3.5489896544160615e-6,0
1639,0,1.5070865411662262e-4,0
1640,0,6.577441795867347e-4,0
1641,0,9.825068260874744e-4,0
1642,0,1.3105150432307766e-4,0
1643,0,8.559151588928528e-4,0
1644,0,0.029514779461597623,0
1645,0,0.26086390796860875,0
1646,0,0.04354672690392386,0
1647,0,0.19000188327862552,0
1648,0,0.19770628327292541,0
1649,0,0.09065495971664445,0
1650,1,0.15588828476139244,0
1651,1,0.9997692692954953,1
1652,1,0.6422360721330388,1
1653,0,0.0191704408235013,0
1654,1,0.12111292042965291,0
1655,0,0.45305081145510767,0
1656,0,0.013608930211898865,0
1657,0,0.03528646220602035,0
1658,0,0.3240982722215348,0
1659,0,0.32767178469059904,0
1660,0,0.03695800833385677,0
1661,0,0.08530283648862658,0
1662,0,0.47637729040096566,0
1663,0,0.5003779217745482,1
1664,0,0.5784969323076984,1
1665,0,0.43142704991012565,0
1666,0,0.43734127549928514,0
1667,0,0.15376218209180545,0
1668,0,0.29724854099067294,0
1669,0,0.4958205090510175,0
1670,0,0.5483304035630715,1
1671,0,0.2741426615143042,0
1672,0,0.2175256039740017,0
1673,0,0.20096214978200896,0
1702,0,9.027342092548566e-8,0
1703,0,6.180529340329724e-7,0
1704,0,1.700927209216882e-6,0
1705,0,2.211684234745952e-6,0
1706,0,1.815353540111843e-5,0
1707,0,1.885521866972605e-5,0
1708,0,1.8987122328985442e-5,0
1709,0,1.0417028159863585e-5,0
1710,0,4.211534082578585e-4,0
1711,0,0.005938737147590639,0
1712,0,0.018608740543648406,0
1713,0,0.019729497549839565,0
1714,0,0.1855050551780811,0
1715,0,0.09638317044576616,0
1716,0,0.0086356288444217,0
1717,1,0.23599234578964148,0
1718,1,0.9999519043879453,1
1719,1,0.2865893481740996,0
1720,1,0.12659455841858303,0
1721,1,0.6037506334496204,1
1722,0,0.7107182572118296,1
1723,0,0.27124932829961407,0
1724,0,0.28986149850097515,0
1725,0,0.1581596738713248,0
1726,0,0.10791480340593966,0
1727,0,0.0397649126470427,0
1728,0,0.1231539559663202,0
1729,0,0.22506858361227405,0
1730,0,0.337934980163791,0
1731,0,0.27330548789496434,0
1732,0,0.1930156078365471,0
1733,0,0.44793674720936766,0
1734,0,0.22693844553265788,0
1735,0,0.2115831906845052,0
1736,0,0.22964329964783095,0
1737,0,0.17257519734866134,0
1738,0,0.04916114830595734,0
1739,0,0.1042677494408019,0
1740,0,0.21930409899386813,0
1769,0,3.9283708007215276e-6,0
1770,0,4.022018466528962e-5,0
1771,0,9.173392007871806e-5,0
1772,0,1.4435927059192549e-4,0
1773,0,2.0069014872426888e-4,0
1774,0,4.514165805993122e-4,0
1775,0,1.3651840374461505e-4,0
1776,0,7.745279792692424e-6,0
1777,0,3.8090510219457175e-5,0
1778,0,2.3011067076044524e-4,0
1779,0,3.986965402521489e-4,0
1780,0,0.006555805251399973,0
1781,0,0.06459800963330294,0
1782,0,0.022499278855319483,0
1783,0,0.24875761190277973,0
1784,1,0.3386821551459281,0
1785,1,0.4102399584319691,0
1786,1,0.4803334774599664,0
1787,1,0.4832676692749253,0
1788,1,0.5589066203576797,1
1789,0,0.26902736167484664,0
1790,0,0.08822548259365555,0
1791,0,0.45062403045038535,0
1792,1,0.27488196610101806,0
1793,0,0.29658500026286944,0
1794,1,0.3535896829963515,0
1795,1,0.24917830370033694,0
1796,0,0.019852026271986314,0
1797,0,0.15183052761837085,0
1798,0,0.18636169165240293,0
1799,0,0.21087784697376755,0
1800,0,0.48595319634107154,0
1801,0,0.5175820128624448,1
1802,0,0.24829918051420666,0
1803,0,0.30884780771118336,0
1804,0,0.26259694438751074,0
1805,0,0.29284001254950093,0
1806,0,0.3332805066695988,0
1807,0,0.1888993944723239,0
1835,0,2.5298089834777608e-5,0
1836,0,3.0928023120177224e-4,0
1837,0,0.0038112824534347048,0
1838,0,0.011372389525292462,0
1839,0,0.003977359826843435,0
1840,0,0.011368404616011645,0
1841,0,0.02204948353771941,0
1842,0,0.001824260310380533,0
1843,0,6.974844286092883e-5,0
1844,0,1.1377280529370399e-05,0
1845,0,7.713834465485516e-6,0
1846,0,1.828255544168827e-5,0
1847,0,4.187178758278167e-4,0
1848,0,0.0019502130228252193,0
1849,0,0.02207975388949192,0
1850,1,0.7536766794333208,1
1851,1,0.938590664843775,1
1852,1,0.7285249375272701,1
1853,0,0.0876233566930882,0
1854,0,0.12853603175710776,0
1855,0,0.146405558425453,0
1856,0,0.38297136486322214,0
1857,0,0.3535131292311584,0
1858,1,0.36243871707431574,0
1859,0,0.5013030310014694,1
1860,0,0.5683979251923261,1
1861,0,0.4074337451658265,0
1862,0,0.3467809085490758,0
1863,1,0.101846504317316,0
1864,0,0.07709467661865044,0
1865,0,0.1426022310513877,0
1866,0,0.16207569834189178,0
1867,0,0.23781027015910905,0
1868,0,0.24138802549948332,0
1869,0,0.12566854994849838,0
1870,0,0.13741060304296263,0
1871,0,0.23626774077671425,0
1872,0,0.36300046309982464,0
1873,0,0.05556554593177315,0
1874,0,0.03206250319701771,0
1902,0,5.792667734107963e-4,0
1903,0,0.006366637894953923,0
1904,0,0.06299297952314241,0
1905,1,0.19721556792328637,0
1906,0,0.12268656899280687,0
1907,1,0.2897963848543801,0
1908,1,0.13020352915304081,0
1909,0,0.01440819046293103,0
1910,0,4.1885823644472413e-4,0
1911,0,4.378256232670221e-5,0
1912,0,3.5190219970662542e-6,0
1913,0,3.8778040497732845e-6,0
1914,0,1.6330658016979076e-4,0
1915,0,0.005969295453774407,0
1916,1,0.3383404325558022,0
1917,1,0.8931350875624707,1
1918,1,0.9928603222274648,1
1919,1,0.26514697128739007,0
1920,0,0.01892284080412449,0
1921,0,0.052369062714840396,0
1922,0,0.42708353738986177,0
1923,0,0.4485825900871918,0
1924,0,0.46908825448473995,0
1925,0,0.23069729329088318,0
1926,0,0.17886910553280003,0
1927,0,0.40597403259966,0
1928,0,0.5047268816214582,1
1929,0,0.3750574741593476,0
1930,1,0.3954952073161121,0
1931,0,0.23126728591518828,0
1932,1,0.11253436821167055,0
1933,0,0.0782321166418185,0
1934,0,0.2692394032763181,0
1935,1,0.4578442031515195,0
1936,0,0.3321850610175441,0
1937,0,0.12493054829534803,0
1938,0,0.5875414679117523,1
1939,0,0.27007268490579095,0
1940,0,0.004867106326792761,0
1941,0,0.0012665596925152266,0
1968,0,0.11092876217396551,0
1969,0,0.09871073901188546,0
1970,1,0.3084457346154702,0
1971,0,0.24464036051057253,0
1972,0,0.12853574770284804,0
1973,0,0.2256979284900467,0
1974,0,0.1451472313890445,0
1975,0,0.20562773145887633,0
1976,0,0.10092000847326064,0
1977,0,0.0029108600709345316,0
1978,0,1.582409916171857e-4,0
1979,0,4.958307021074118e-6,0
1980,0,4.338297195201052e-6,0
1981,0,2.976054553119947e-4,0
1982,0,0.010418773048661872,0
1983,1,0.667031717879554,1
1984,1,0.9897300044060263,1
1985,1,0.9931417514415598,1
1986,0,0.05923401721389871,0
1987,0,0.2589529429218019,0
1988,0,0.022140974894983224,0
1989,0,0.04652947037489724,0
1990,0,0.4247341402900665,0
1991,0,0.5288994090193135,1
1992,0,0.4275181757689597,0
1993,0,0.0564474777903666,0
1994,0,0.02997487659316784,0
1995,0,0.20385069524200017,0
1996,0,0.17109396188329362,0
1997,0,0.23527465698848493,0
1998,0,0.44951118487585584,0
1999,0,0.09889841066403966,0
2000,0,0.3873386406089864,0
2001,0,0.27772326784399065,0
2002,1,0.22183246172582646,0
2003,0,0.04678202160300157,0
2004,0,0.029237738900575176,0
2005,0,0.15668555695762487,0
2006,0,0.01797364637158777,0
2007,0,0.0019112647702205982,0
2008,0,9.890644124811027e-4,0
2033,1,0.18175622004334263,0
2034,1,0.30460199406043387,0
2035,1,0.24363406267618026,0
2036,1,0.2732188031661579,0
2037,1,0.11479437260424886,0
2038,0,0.14570499900794684,0
2039,1,0.2917836121717297,0
2040,1,0.23554271353362452,0
2041,0,0.4119652676168422,0
2042,0,0.13485673492293893,0
2043,0,0.02629976343683918,0
2044,0,0.001453742416211898,0
2045,0,8.110950675942405e-5,0
2046,0,2.7743345833917214e-6,0
2047,0,1.6043015463593727e-6,0
2048,0,6.73024517674671e-5,0
2049,0,0.002484338001882175,0
2050,1,0.22911952318747889,0
2051,1,0.42419104134796354,0
2052,1,0.9943935849613142,1
2053,1,0.2823671181617605,0
2054,0,0.29617640335934936,0
2055,0,0.03078859013090485,0
2056,0,0.048544266622702226,0
2057,0,0.530316241481775,1
2058,0,0.19819665072603462,0
2059,0,0.1419603037016941,0
2060,0,0.008249437681835923,0
2061,0,0.001880532806572941,0
2062,0,0.005314700711894047,0
2063,0,0.004796235416463566,0
2064,0,0.035607151094802766,0
2065,0,0.1528826909733829,0
2066,0,0.17734141921893204,0
2067,0,0.3582036359676184,0
2068,0,0.2318632539297876,0
2069,0,0.22969675977656742,0
2070,0,0.2046753699158669,0
2071,0,0.03267060185272128,0
2072,0,0.15712673583410203,0
2073,0,0.11524748671538372,0
2074,0,0.04539476493441717,0
2075,0,0.05757074347241303,0
2100,1,0.06493284270375689,0
2101,1,0.11057773845661234,0
2102,1,0.06921002276012331,0
2103,1,0.15763994862885267,0
2104,1,0.32004835988329033,0
2105,1,0.12572359919578982,0
2106,0,0.07378991174695806,0
2107,0,0.3192091450603005,0
2108,1,0.3768737289372695,0
2109,1,0.3856382002178271,0
2110,0,0.015051698253005818,0
2111,0,2.2080111811865943e-4,0
2112,0,1.7493771784558114e-5,0
2113,0,1.4545849576009137e-6,0
2114,0,5.770115222716396e-7,0
2115,0,5.377116622294969e-6,0
2116,0,0.001173979631424046,0
2117,1,0.04999738755614841,0
2118,1,0.11729521456150337,0
2119,1,0.92717302483975,1
2120,1,0.9999682457439523,1
2121,0,0.11654466871662378,0
2122,0,0.007775858711381313,0
2123,0,0.013434188189118694,0
2124,0,0.48317215718281425,0
2125,1,0.5708814284906536,1
2126,0,0.02057243868282877,0
2127,0,0.001367001428997996,0
2128,0,0.0018707021598595153,0
2129,0,0.003290753057530989,0
2130,0,0.0010049398598491973,0
2131,0,0.004883306406592151,0
2132,0,0.026083062530360752,0
2133,0,0.206951213625863,0
2134,0,0.280210869105559,0
2135,0,0.30099123621799545,0
2167,1,0.0941196988356502,0
2168,1,0.09903339740787827,0
2169,1,0.17000169939859136,0
2170,1,0.1853954484558285,0
2171,0,0.003564477822636233,0
2172,0,0.00249727430034689,0
2173,0,0.010659585140078014,0
2174,0,0.02087481118282158,0
2175,0,0.362437399864461,0
2176,1,0.5959857195624634,1
2177,0,0.04649025959609234,0
2178,0,0.0011387480006312207,0
2179,0,1.3101693871651226e-4,0
2180,0,3.446225844104683e-5,0
2181,0,1.5250844263905536e-6,0
2182,0,8.767972836807824e-7,0
2183,0,9.769268467613282e-5,0
2184,0,0.007851433648215327,0
2185,1,0.02097182793118849,0
2186,1,0.23426261333220888,0
2187,1,0.9993551816363638,1
2188,0,0.018788633256051537,0
2189,0,0.018142946268111783,0
2190,0,0.10565473151162282,0
2191,0,0.20411285254087982,0
2192,1,0.7207918884395557,1
2193,0,0.03924679700036242,0
2194,0,0.0024628664681022746,0
2195,0,0.04790175771954516,0
2196,0,0.1709126401034353,0
2197,0,0.007649342514645922,0
2198,0,0.006792978803340912,0
2199,0,0.11494744504217247,0
2200,0,0.12453317152703226,0
2201,0,0.10639130801870395,0
2202,0,0.45007282090963435,0
2234,1,0.1771903677045685,0
2235,1,0.44354017967313025,0
2236,1,0.40639967003555627,0
2237,0,0.004574101467201147,0
2238,0,3.946027725431635e-4,0
2239,0,9.974701022609393e-5,0
2240,0,4.548033522799028e-4,0
2241,0,0.007166145374026404,0
2242,0,0.1397227194446117,0
2243,1,0.4907950787501056,0
2244,0,0.19349631546200388,0
2245,0,0.012674502042751477,0
2246,0,0.0057373167319872895,0
2247,0,4.0593356098604243e-4,0
2248,0,1.2475194469128636e-5,0
2249,0,1.3866343123566031e-6,0
2250,0,2.5281073458038718e-5,0
2251,0,0.01589961189282879,0
2252,1,0.10432546113481271,0
2253,1,0.8040373321096246,1
2254,1,0.5511206639877595,1
2255,0,0.007881836330643542,0
2256,0,0.03954950748551118,0
2257,0,0.3854083562262619,0
2258,0,0.46587709150217477,0
2259,0,0.6704126636417017,1
2260,0,0.036041706152781766,0
2261,0,0.0034985544744900636,0
2262,0,0.0750650551547457,0
2263,0,0.4921138140095,0
2264,0,0.14772237251719378,0
2265,0,0.031563796428662805,0
2266,0,0.2952634644942618,0
2267,0,0.14628965745949474,0
2268,0,0.03777889531636362,0
2269,0,0.4135267713927751,0
2304,0,0.003579585641317632,0
2305,0,2.872850315714944e-4,0
2306,0,7.543810339225055e-5,0
2307,0,8.650991224307189e-5,0
2308,0,0.0031933706373385813,0
2309,0,0.13868782866807472,0
2310,0,0.664959459004316,1
2311,1,0.5163945661381955,1
2312,0,0.16547478132331297,0
2313,0,0.03137809071899071,0
2314,0,0.001279952531476025,0
2315,0,2.9009385345730642e-5,0
2316,0,5.1142414183177e-5,0
2317,0,4.289410551206695e-4,0
2318,0,0.01264543709266919,0
2319,1,0.3018445649253313,0
2320,1,0.9969061341469174,1
2321,1,0.6073991400333822,1
2322,0,0.11433770183592781,0
2323,0,0.19168798673553064,0
2324,0,0.3654944602077061,0
2325,1,0.7175824416881985,1
2326,0,0.14311564540784968,0
2327,0,0.007043137581699009,0
2328,0,0.0016430242329140198,0
2329,0,0.04737101476374048,0
2330,0,0.24868274703839024,0
2331,0,0.2496412693388909,0
2332,0,0.08296771686987764,0
2333,0,0.4268135431245366,0
2334,0,0.11871189087371785,0
2335,0,0.08492665783261721,0
2336,0,0.24373112231820315,0
2358,1,0.060718640454539854,0
2359,1,0.06439672064436588,0
2360,1,0.07587638267628068,0
2361,1,0.08433141020849562,0
2362,1,0.17031735813238072,0
2363,1,0.5170698958631006,1
2364,1,0.2906597753457583,0
2365,1,0.019297083520403317,0
2366,1,0.005087078791829559,0
2367,0,0.014911576492934165,0
2368,0,0.0018315084778586727,0
2369,0,0.004990096543493679,0
2370,0,4.2599931783547857e-4,0
2371,0,4.934317628511522e-4,0
2372,0,0.005197762060548278,0
2373,0,0.0026271097384380202,0
2374,0,1.721033778017401e-4,0
2375,0,4.6017242180508496e-4,0
2376,0,0.004577804538051128,0
2377,1,0.25037638416586605,0
2378,1,0.7491576280447877,1
2379,1,0.13427292985970862,0
2380,0,0.00792092398568051,0
2381,0,6.840262353231463e-4,0
2382,0,6.366429916415252e-5,0
2383,0,6.665513436706565e-4,0
2384,0,0.02149419636191148,0
2385,0,0.15258228068564778,0
2386,0,0.09660810082192484,0
2387,1,0.2109339330961004,0
2388,1,0.9902427475408354,1
2389,0,0.30680329017689256,0
2390,0,0.493836127664676,0
2391,1,0.46784055935370855,0
2392,0,0.13329676597015921,0
2393,0,0.026593793164930504,0
2394,0,0.0013941711295886096,0
2395,0,3.2747072254070517e-4,0
2396,0,0.006542844753730218,0
2397,0,0.040610598138032354,0
2398,0,0.0313181376625821,0
2399,0,0.2167931621713701,0
2400,0,0.15197690129236552,0
2401,0,0.15735565265268733,0
2402,0,0.15377276432684983,0
2403,0,0.4220335687978209,0
2425,1,0.06767149759530725,0
2426,1,0.05828158045436132,0
2427,1,0.0822258733836717,0
2428,1,0.14494055371585587,0
2429,0,0.12691424234365692,0
2430,0,0.014682156303254245,0
2431,0,0.024184003831206887,0
2432,0,0.008612667430716406,0
2433,0,0.004983240111358544,0
2434,0,0.082146777342538,0
2435,0,0.003573429049977429,0
2436,0,1.5359444314632062e-4,0
2437,0,6.59664880959529e-5,0
2438,0,0.0017726536368095093,0
2439,0,0.07123102616663084,0
2440,0,0.03762946742012254,0
2441,0,0.0026136022248241355,0
2442,0,2.2078109138762422e-4,0
2443,0,0.0012316852375101577,0
2444,0,0.018638758120964268,0
2445,1,0.7939652339321649,1
2446,1,0.36911410612346107,0
2447,0,0.005893489919614567,0
2448,0,0.003186572682570789,0
2449,0,7.984079645704241e-4,0
2450,0,0.004835945362510893,0
2451,0,0.16580194495303455,0
2452,0,0.8395420014235607,1
2453,0,0.32976899336120447,0
2454,1,0.43004098882095937,0
2455,1,0.9993275639312481,1
2456,1,0.39129606013376844,0
2457,1,0.34034478589482703,0
2458,0,0.06679282710203753,0
2459,0,0.28395807642563275,0
2460,0,0.013229644023442748,0
2461,0,4.071841518075871e-4,0
2462,0,2.593253191216158e-4,0
2463,0,0.006220260776102515,0
2464,0,0.09438984917911986,0
2465,0,0.19412424786279775,0
2466,0,0.34174137914776015,0
2467,0,0.021522973865833146,0
2468,0,0.009433885692979815,0
2469,0,0.11151455677957202,0
2470,0,0.10744450983125067,0
2492,1,0.11922601710215197,0
2493,1,0.186897129362445,0
2494,1,0.3306136457756099,0
2495,0,0.08134896545316762,0
2496,0,0.029814349113488528,0
2497,0,0.0027720752434919355,0
2498,0,0.0018503342453938597,0
2499,0,7.108325696119991e-4,0
2500,0,7.022833943928842e-4,0
2501,0,0.0017874113338088701,0
2502,0,1.7456516114003454e-4,0
2503,0,8.162057103862065e-6,0
2504,0,1.4366397981293253e-5,0
2505,0,3.9798738143975666e-4,0
2506,0,0.0048517979626152225,0
2507,0,0.054879514226415384,0
2508,0,0.02818676223808489,0
2509,0,5.081130237821625e-4,0
2510,0,9.80497587535719e-4,0
2511,0,0.05273690637314792,0
2512,1,0.7825831065438356,1
2513,1,0.19438886833056906,0
2514,1,0.1612888225276299,0
2515,1,0.0842772231384069,0
2516,0,0.04554235772230054,0
2517,0,0.0028225673196497305,0
2518,0,0.03205739885804864,0
2519,0,0.21777930950121147,0
2520,0,0.13787995981800769,0
2521,1,0.1799043265064923,0
2522,1,0.09932321496406074,0
2523,1,0.9995982612058151,1
2524,0,0.291287707286858,0
2525,0,0.023849453559685617,0
2526,0,0.06014810891284017,0
2527,0,0.006538722451469474,0
2528,0,4.3117677800713703e-4,0
2529,0,0.0042085917441831416,0
2530,0,0.05387840266780771,0
2531,0,0.08069993519268039,0
2532,0,0.1051634656352696,0
2533,0,0.3483663673045211,0
2534,0,0.11232851852257598,0
2535,0,0.02703818266889248,0
2536,0,0.15810719002818047,0
2537,0,0.10220749740765012,0
2559,0,0.0575004802357586,0
2560,0,0.04652749301831155,0
2561,0,0.004436403284004404,0
2562,0,0.02524148826814936,0
2563,0,0.054810543590624865,0
2564,0,0.010749309090891475,0
2565,0,1.6751407970755998e-4,0
2566,0,1.4690288838701173e-5,0
2567,0,5.5282373743286445e-5,0
2568,0,8.08273268967074e-5,0
2569,0,3.890799376488494e-6,0
2570,0,4.2801491570341467e-7,0
2571,0,1.9458155930572935e-6,0
2572,0,2.0962975039450204e-5,0
2573,0,2.6000529865437006e-4,0
2574,0,0.001779568375128216,0
2575,0,0.0022482199083453764,0
2576,0,1.410810866328386e-4,0
2577,0,5.104863104457647e-4,0
2578,0,0.009170251462005995,0
2579,0,0.19082099221924018,0
2580,1,0.48306438751960906,0
2581,1,0.5058870336905914,1
2582,1,0.5933816262580413,1
2583,0,0.2245752316228884,0
2584,0,0.0023204824284026775,0
2585,0,0.0011037224429286346,0
2586,0,0.009879985274924074,0
2587,0,0.32555873423085196,0
2588,0,0.1191323283538505,0
2589,1,0.06900793208403101,0
2590,1,0.9996796400353094,1
2591,1,0.37337538780684926,0
2592,0,0.00875094774088032,0
2593,0,0.0010732028510090353,0
2594,0,3.0804356243334933e-4,0
2595,0,9.774941560570125e-5,0
2596,0,0.0044738157705182914,0
2597,0,0.14557411499038994,0
2598,0,0.23406813973274918,0
2599,0,0.08410614746721994,0
2600,0,0.20572532564906318,0
2601,0,0.23978476670770668,0
2602,0,0.1500105756986868,0
2603,0,0.20796531235311158,0
2604,0,0.20776509715571215,0
2605,0,0.22825995832496693,0
2606,0,0.22400619751527906,0
2607,0,0.20276121497585284,0
2608,0,0.01884390797131656,0
2626,0,0.018580904439144733,0
2627,0,0.01295820252870568,0
2628,0,0.004712466120749071,0
2629,0,0.04857041148320287,0
2630,0,0.03825737848415628,0
2631,0,0.001423703265788645,0
2632,0,4.015089771835661e-5,0
2633,0,1.0764978921401733e-6,0
2634,0,8.871651040979348e-8,0
2635,0,1.3816997607067908e-6,0
2636,0,1.0132330432944025e-7,0
2637,0,1.0562575314126415e-8,0
2638,0,5.234941979446649e-8,0
2639,0,6.295721161019593e-7,0
2640,0,1.2258826864003067e-5,0
2641,0,4.9894033195166214e-5,0
2642,0,3.9638099998773316e-5,0
2643,0,1.911161006497782e-5,0
2644,0,5.046694313844578e-5,0
2645,0,5.928377354500449e-4,0
2646,0,0.0037989076825380745,0
2647,1,0.14730407529695075,0
2648,1,0.6680849407016397,1
2649,1,0.36281785912609127,0
2650,1,0.05367129107326168,0
2651,0,0.005476054523379026,0
2652,0,0.007475169294202245,0
2653,0,0.00865835175775538,0
2654,0,0.3165163529318963,0
2655,0,0.07954621631087609,0
2656,0,0.05230841378148091,0
2657,1,0.9557697241520864,1
2658,1,0.876179203746937,1
2659,0,0.08958884501000604,0
2660,0,0.007874865089314962,0
2661,0,5.634791246235403e-4,0
2662,0,2.1049857413960884e-4,0
2663,0,0.003155803174911482,0
2664,0,0.015445325816718595,0
2665,0,0.008882018242819107,0
2666,0,0.007583654261141628,0
2667,0,0.1538989455931261,0
2668,0,0.14392654079958905,0
2669,0,0.24481861863420207,0
2670,0,0.12040417076640303,0
2671,0,0.04055262069574757,0
2672,0,0.03580300186505186,0
2673,0,0.022742841382656215,0
2674,0,0.07745778112481816,0
2675,0,0.012424967335034206,0
2676,0,0.0014748632852811423,0
2677,0,0.00398160575672812,0
2693,0,0.20146382949860672,0
2694,0,0.005154137203591442,0
2695,0,0.005421286890642624,0
2696,0,0.055238999470496354,0
2697,0,0.046505265319669906,0
2698,0,6.823186740435547e-4,0
2699,0,3.7049269722697855e-5,0
2700,0,3.289770812383559e-7,0
2701,0,2.2125887479665754e-8,0
2702,0,1.2956604169710177e-8,0
2703,0,1.8404046906210867e-9,0
2704,0,5.19473961093866e-9,0
2705,0,7.803103333450764e-8,0
2706,0,6.480784835648543e-7,0
2707,0,2.184684155389384e-6,0
2708,0,5.468918259419547e-6,0
2709,0,4.484313986527103e-6,0
2710,0,1.5626219591780446e-6,0
2711,0,4.2526757187808985e-6,0
2712,0,2.0731685114834834e-5,0
2713,0,4.50895099482991e-4,0
2714,1,0.08902246184122942,0
2715,1,0.6914275130770652,1
2716,1,0.5655848008315074,1
2717,1,0.5138034700829203,1
2718,1,0.1343059822088186,0
2719,0,0.13032426595893407,0
2720,0,0.006750951701041166,0
2721,0,0.012008055069478144,0
2722,0,0.0032134414250413195,0
2723,0,0.012038444761591707,0
2724,1,0.1581340764559087,0
2725,1,0.9992330129973386,1
2726,1,0.7155429618440822,1
2727,0,0.06610458825356301,0
2728,0,0.0020006940141990216,0
2729,0,0.001627519756320549,0
2730,0,0.05439941543797852,0
2731,0,0.05505055905777334,0
2732,0,0.004580830389874549,0
2733,0,0.0041498558962726854,0
2734,0,0.21770083042794525,0
2735,0,0.20706856291476577,0
2736,0,0.108592111082643,0
2737,0,0.2178591404476172,0
2738,0,0.026794266555881505,0
2739,0,0.012584635942223954,0
2740,0,0.0334302954811982,0
2741,0,0.10178577815248566,0
2742,0,0.013832399647192163,0
2743,0,0.022222206550183473,0
2744,0,0.07475209546459571,0
2760,0,0.05431358117279198,0
2761,0,1.93674175398667e-4,0
2762,0,9.021951193269922e-4,0
2763,0,0.024280561965474515,0
2764,0,0.0053052545089959,0
2765,0,2.777812210512118e-4,0
2766,0,1.8014224178013444e-5,0
2767,0,6.241099453859663e-7,0
2768,0,2.346531690221767e-7,0
2769,0,6.0443902701910095e-9,0
2770,0,1.2362180247258755e-9,0
2771,0,7.567386830532612e-8,0
2772,0,2.414601639168699e-6,0
2773,0,3.248606860432546e-5,0
2774,0,7.882219003265122e-5,0
2775,0,1.2328602384274845e-4,0
2776,0,1.1240154703747138e-4,0
2777,0,1.1535637205587791e-5,0
2778,0,7.319406529804438e-6,0
2779,0,1.85157066687618e-5,0
2780,0,2.8838178630270127e-4,0
2781,0,0.0073712102974058885,0
2782,1,0.1619169269867312,0
2783,1,0.29660907302748263,0
2784,1,0.5422137745508026,1
2785,1,0.6554009439509849,1
2786,1,0.5632478820507767,1
2787,0,0.02591365788422827,0
2788,0,0.0044085652727601085,0
2789,0,0.012512252145161247,0
2790,0,0.011287803739887343,0
2791,1,0.13364835608574896,0
2792,1,0.9953939067896388,1
2793,1,0.7937337725385284,1
2794,0,0.03652472360331867,0
2795,0,9.249028698473694e-4,0
2796,0,0.0013208047105482176,0
2797,0,0.059619390201569394,0
2798,0,0.09829597009870325,0
2799,0,0.11079731250041941,0
2800,0,0.011463329057293603,0
2801,0,0.06737055020372851,0
2802,1,0.266905795871153,0
2803,0,0.1357581346991398,0
2804,0,0.231796641656115,0
2805,0,0.14000165381765242,0
2806,0,0.1172912091533266,0
2807,0,0.18691366395056297,0
2808,0,0.05057040764284901,0
2809,0,0.04053825133539898,0
2810,0,0.039434521307019146,0
2811,0,0.028949105957797226,0
2827,0,3.439164865811625e-4,0
2828,0,1.3230792253716314e-4,0
2829,0,0.0041156764495966095,0
2830,1,0.07372809266312053,0
2831,0,0.008003097339705912,0
2832,0,0.0022290783544170324,0
2833,0,1.0015327883469206e-4,0
2834,0,5.369826821498472e-6,0
2835,0,5.756240426321795e-7,0
2836,0,1.9621950319381167e-8,0
2837,0,1.3347606639515381e-8,0
2838,0,5.792675817123663e-7,0
2839,0,3.5361698164985455e-5,0
2840,0,7.615872636442434e-4,0
2841,0,0.004778712401978343,0
2842,0,0.01065396487146569,0
2843,0,0.004819041962901154,0
2844,0,0.0011206402402188292,0
2845,0,7.547527574360028e-4,0
2846,0,6.030211770816768e-4,0
2847,0,3.9348129523724047e-4,0
2848,0,9.92243442637024e-4,0
2849,0,0.0063070176572332754,0
2850,1,0.16518057584532178,0
2851,1,0.34309583339334976,0
2852,1,0.42218450390530304,0
2853,1,0.707365626817689,1
2854,0,0.04772612128271175,0
2855,1,0.04099130783509937,0
2856,1,0.2674298499528467,0
2857,1,0.10956632039037943,0
2858,1,0.9785403314148527,1
2859,1,0.9615259078108951,1
2860,1,0.7478580955265701,1
2861,0,0.031473890564038036,0
2862,0,5.34862787211703e-4,0
2863,0,1.3134481693807796e-4,0
2864,0,0.0024236903754134426,0
2865,0,0.04644935159411621,0
2866,0,0.14469891151527442,0
2867,0,0.20544514734164762,0
2868,1,0.3602048545244274,0
2869,1,0.1907407909569616,0
2870,0,0.22111625089857084,0
2871,0,0.1796452232480174,0
2872,0,0.07613457359091076,0
2873,0,0.10425542491778365,0
2874,0,0.03994359776911483,0
2875,0,0.0038123424273082966,0
2876,0,0.003597751095858783,0
2877,0,0.001890586098628444,0
2878,0,0.00635223333992273,0
2894,0,2.5320783464051103e-4,0
2895,0,0.008062488532553367,0
2896,0,0.016158851090951734,0
2897,0,6.593256929797521e-4,0
2898,0,5.866742963222647e-4,0
2899,0,0.0027343117549622395,0
2900,0,1.1010054885605825e-4,0
2901,0,8.901992354440691e-6,0
2902,0,7.76045426766562e-7,0
2903,0,8.163131127836077e-8,0
2904,0,9.13973129817292e-8,0
2905,0,1.1801808897489014e-6,0
2906,0,9.143222325057909e-5,0
2907,0,0.00973253626048584,0
2908,0,0.085736521303788,0
2909,0,0.1198271353432967,0
2910,0,0.1625233792604119,0
2911,0,0.0757775405320362,0
2912,0,0.027760856305743216,0
2913,0,0.01036171502200133,0
2914,0,0.00650567214766375,0
2915,0,0.0013343849834691953,0
2916,0,0.0013550807322493777,0
2917,1,0.008793033232564383,0
2918,1,0.019437544670586778,0
2919,1,0.04491398977034311,0
2920,1,0.5108330703195517,1
2921,1,0.20599280931467162,0
2922,1,0.15272811736667705,0
2923,1,0.7947051593028261,1
2924,1,0.9532175581978194,1
2925,1,0.5171092827828667,1
2926,1,0.7010679744738151,1
2927,0,0.10114775074222505,0
2928,0,0.0035347861291778943,0
2929,0,1.2770851791514198e-4,0
2930,0,9.902819397594561e-6,0
2931,0,1.2532407452463552e-4,0
2932,0,0.0020519759081749135,0
2933,0,0.009471982166048356,0
2934,0,0.07370643665176624,0
2935,1,0.23052711410688814,0
2936,0,0.13019632088834612,0
2937,0,0.21933501309064404,0
2938,0,0.1620725794745002,0
2939,0,0.08085926744623662,0
2940,0,0.3225045855327841,0
2941,0,0.04747116980823889,0
2942,0,0.08221876192189245,0
2943,0,0.03917795217835178,0
2944,0,0.006376645991685895,0
2945,0,0.004177457983182672,0
2961,0,0.0024055483811339304,0
2962,0,0.006257808624873441,0
2963,0,0.002736322514821354,0
2964,0,7.995917757612705e-5,0
2965,0,1.782301260413262e-5,0
2966,0,4.85275617970625e-5,0
2967,0,1.7962941412823688e-5,0
2968,0,3.5409028566942486e-6,0
2969,0,2.735586977397567e-7,0
2970,0,3.138718639609156e-7,0
2971,0,2.3868480145774957e-6,0
2972,0,1.6709745263813182e-5,0
2973,0,9.894872504394394e-5,0
2974,0,9.673938723973732e-4,0
2975,0,0.059298030973810596,0
2976,1,0.7771039882882091,1
2977,1,0.8403443618701626,1
2978,1,0.7233394734672308,1
2979,0,0.7191942602835734,1
2980,1,0.5069712055904066,1
2981,1,0.2026734492830012,0
2982,0,0.0439757995313854,0
2983,0,0.0052681387165166935,0
2984,0,0.0046509790639787775,0
2985,1,0.015690398108648862,0
2986,1,0.0580350626961669,0
2987,1,0.5883013677755042,1
2988,1,0.45645124639954965,0
2989,1,0.5797195381341422,1
2990,1,0.6909107468700598,1
2991,1,0.9278716053791765,1
2992,1,0.9575482005875298,1
2993,0,0.41024298019051386,0
2994,0,0.009208931044364795,0
2995,0,1.7089239830661544e-4,0
2996,0,6.3234248417888775e-6,0
2997,0,8.495015603623346e-7,0
2998,0,6.055725570726008e-6,0
2999,0,2.4312206038701346e-5,0
3000,0,3.172911540879975e-4,0
3001,0,0.0031535830115125103,0
3002,0,0.00413525936905632,0
3003,0,0.012021173801656609,0
3004,0,0.08691547262707827,0
3005,0,0.11977792308186207,0
3006,0,0.030712834802906982,0
3007,0,0.023860402796998685,0
3008,0,0.015417146546688815,0
3009,0,0.15414232355816987,0
3010,0,0.11773397523117596,0
3011,0,0.08150937168290352,0
3012,0,0.008372769782134989,0
3028,0,0.0019032601587656373,0
3029,0,1.382628575935145e-4,0
3030,0,0.0011875543083246223,0
3031,0,1.3017117979317744e-4,0
3032,0,3.1948106522785445e-5,0
3033,0,4.65939995154484e-6,0
3034,0,1.7374402208952104e-6,0
3035,0,1.378444044263717e-6,0
3036,0,5.870143821816763e-7,0
3037,0,1.057685887346231e-5,0
3038,0,7.352259256872619e-5,0
3039,0,0.001062078130056692,0
3040,0,0.0057797994785395435,0
3041,1,0.3730060868559647,0
3042,1,0.8966194203892296,1
3043,1,0.9196824512823986,1
3044,1,0.20834907022770774,0
3045,0,0.05051303171484854,0
3046,0,0.08178393014082272,0
3047,0,0.49487778506149693,0
3048,1,0.32335016940416966,0
3049,1,0.3436594573855774,0
3050,1,0.15611019930959094,0
3051,1,0.12663137706679237,0
3052,1,0.5875687791896328,1
3053,1,0.6662115329379862,1
3054,1,0.376599401620447,0
3055,1,0.28008845560178636,0
3056,0,0.39398370228191304,0
3057,0,0.4636103827033339,0
3058,1,0.9914336869171131,1
3059,0,0.07761697467258827,0
3060,0,0.008524854258920802,0
3061,0,0.0010379546858619625,0
3062,0,1.63866249681813e-5,0
3063,0,5.106959382946183e-7,0
3064,0,2.9533598576783915e-8,0
3065,0,1.7778015582524075e-7,0
3066,0,1.153665695151684e-6,0
3067,0,1.587668517268136e-5,0
3068,0,5.1727448458679054e-5,0
3069,0,1.093753959373365e-4,0
3070,0,0.0022310891765974943,0
3071,0,0.08622764202883826,0
3072,0,0.13795377681901963,0
3073,0,0.03282408945084364,0
3074,0,0.00895267910395314,0
3075,0,0.003571025291837046,0
3076,0,0.010766651341014365,0
3077,0,0.009709325806246187,0
3078,0,0.017056455133251637,0
3079,0,0.0015660250745625273,0
3095,0,3.347532049949624e-4,0
3096,0,3.504769321875933e-4,0
3097,0,0.0023981338579405946,0
3098,0,6.829316162090254e-4,0
3099,0,0.001049952706818859,0
3100,0,9.56363373836308e-5,0
3101,0,2.205844547035367e-5,0
3102,0,8.252455613252843e-5,0
3103,0,2.611159559700558e-5,0
3104,0,2.287697621581786e-4,0
3105,0,0.006482584821371371,0
3106,1,0.6414624518706863,1
3107,1,0.9796395467567488,1
3108,1,0.8621436644362842,1
3109,1,0.2870652802800791,0
3110,1,0.08468174674511374,0
3111,0,0.013833149085701067,0
3112,0,0.0016273452433985302,0
3113,0,0.0017199959490276418,0
3114,0,0.0032651015664433448,0
3115,0,0.04423125919204905,0
3116,1,0.36793047218379205,0
3117,1,0.7073248656170338,1
3118,1,0.9631018239218326,1
3119,1,0.8022738669275965,1
3120,0,0.4026006241552907,0
3121,0,0.018174036942262464,0
3122,0,0.006073145285458467,0
3123,0,0.07366729624362277,0
3124,1,0.9709132561656946,1
3125,1,0.4279641316753455,0
3126,0,0.0034100136316828063,0
3127,0,4.920071358664375e-4,0
3128,0,2.3136282458045438e-5,0
3129,0,3.031901066664067e-6,0
3130,0,7.30452445703189e-8,0
3131,0,2.6928092002478126e-9,0
3132,0,4.247716478159876e-9,0
3133,0,5.449398612879929e-8,0
3134,0,4.52815978795904e-7,0
3135,0,2.145861947797118e-6,0
3136,0,5.7169836934035836e-5,0
3137,0,0.0030989942173144684,0
3138,0,0.07482048260904683,0
3139,0,0.04408758069692972,0
3140,0,0.018612942954336093,0
3141,0,0.10261666356096934,0
3142,0,0.02035069342089349,0
3143,0,0.0019728819853784487,0
3144,0,0.0012561797053087496,0
3145,0,0.0035429719923880634,0
3146,0,0.006339679198230595,0
3162,0,8.404345182399968e-5,0
3163,0,2.04819519217946e-4,0
3164,0,0.0021174188320796585,0
3165,0,2.2593025370635993e-4,0
3166,0,0.0017412501254900896,0
3167,0,9.592288347321897e-4,0
3168,0,0.0017321624397983893,0
3169,0,0.0038525559189421573,0
3170,0,5.455231384876877e-4,0
3171,0,0.056149126891139815,0
3172,0,0.6054462642532749,1
3173,1,0.8527290478905727,1
3174,1,0.12039331958711225,0
3175,0,0.028961292551122602,0
3176,0,0.04748888637805158,0
3177,0,0.008804660934160642,0
3178,0,0.0024178602457454222,0
3179,0,3.804942656171002e-4,0
3180,0,1.95035261572867e-4,0
3181,0,6.082835391524551e-4,0
3182,0,0.0046087057357588074,0
3183,0,0.13225940996924984,0
3184,1,0.372887342664236,0
3185,1,0.48052641039258176,0
3186,0,0.007409124001570171,0
3187,0,0.001868913247998401,0
3188,0,8.545663121151764e-4,0
3189,0,0.0038918741608266316,0
3190,0,0.10711890317716204,0
3191,1,0.7013692353411121,1
3192,0,0.11284623518619676,0
3193,0,6.598157869474346e-4,0
3194,0,2.9523459313277416e-5,0
3195,0,7.153870074655584e-7,0
3196,0,2.053219407643259e-7,0
3197,0,6.972380910729962e-9,0
3198,0,1.4424252628044642e-10,0
3199,0,1.8284794084689354e-10,0
3200,0,1.5667865785558853e-9,0
3201,0,4.28486591852885e-8,0
3202,0,1.23982672061588e-6,0
3203,0,6.658574789183246e-5,0
3204,0,0.003025336818164809,0
3205,0,0.05479207882014377,0
3206,0,0.02181561962312242,0
3207,0,0.02028582645372512,0
3208,0,0.12063759618858955,0
3209,0,0.06093935946796745,0
3210,0,0.04843873384945132,0
3211,0,0.007393400381122728,0
3212,0,0.0793661645360938,0
3213,0,0.0674410217026759,0
3229,0,0.00143910083805838,0
3230,0,6.27056599138395e-4,0
3231,0,3.6579915372973975e-4,0
3232,0,1.064988140554171e-4,0
3233,0,5.593134991907309e-4,0
3234,0,8.857163393433926e-4,0
3235,0,0.13115031147680914,0
3236,0,0.31885638077545203,0
3237,0,0.8646765475343875,1
3238,1,0.990286940918118,1
3239,1,0.37982506434344,0
3240,1,0.18612431947685032,0
3241,0,0.34587337155946096,0
3242,0,0.07761637381794168,0
3243,0,6.458710887723621e-4,0
3244,0,6.358260957575214e-5,0
3245,0,1.386322858160297e-5,0
3246,0,5.3044110685244315e-6,0
3247,0,5.1554241436947855e-5,0
3248,0,3.706361059309567e-4,0
3249,0,5.624684292667402e-4,0
3250,0,4.2248800350919526e-4,0
3251,0,0.0026549654927374385,0
3252,0,0.001013733853747077,0
3253,0,2.691202859550446e-4,0
3254,0,5.888440242257054e-5,0
3255,0,5.829159381472965e-5,0
3256,0,0.0018301446853651944,0
3257,1,0.46055756612413296,0
3258,1,0.4057333846201009,0
3259,0,0.008706915234056551,0
3260,0,2.0071927672796208e-4,0
3261,0,4.088489023657906e-6,0
3262,0,9.932245486806941e-8,0
3263,0,7.647262672471975e-9,0
3264,0,2.286221156676088e-10,0
3265,0,8.913838467140252e-12,0
3266,0,3.451697243192803e-11,0
3267,0,2.0213103216707238e-9,0
3268,0,5.781657448364714e-8,0
3269,0,2.3325931059405447e-6,0
3270,0,1.0835651745353192e-4,0
3271,0,0.0038769581673986572,0
3272,0,0.12057875576366214,0
3273,0,0.15151950993728644,0
3274,0,0.13002309077841523,0
3275,0,0.04227028711017374,0
3276,0,0.0886144447030832,0
3277,0,0.029568876306472487,0
3278,0,0.005732805028385219,0
3279,0,0.030345152370518,0
3280,0,0.011864384773553168,0
3296,0,0.0027623506627555534,0
3297,0,3.98729046017916e-4,0
3298,0,7.440947957955966e-4,0
3299,0,0.0012659235980952569,0
3300,0,0.038007065042098595,0
3301,0,0.3582899734980439,0
3302,0,0.06295881149263559,0
3303,1,0.5627968881638988,1
3304,1,0.9088842192960207,1
3305,1,0.2587894610620631,0
3306,0,0.09304389124060472,0
3307,0,0.06844873536634627,0
3308,0,0.14150970850799705,0
3309,0,0.029186329553320095,0
3310,0,5.870127394428847e-4,0
3311,0,1.8529104418822792e-5,0
3312,0,9.80065308862687e-6,0
3313,0,5.8634123219063426e-5,0
3314,0,6.525646693429998e-4,0
3315,0,0.006312623099428843,0
3316,0,0.009739158992720758,0
3317,0,0.0014143315525426356,0
3318,0,1.6401658869730814e-4,0
3319,0,2.9694299805275797e-5,0
3320,0,3.504715797920554e-5,0
3321,0,3.501997037188394e-4,0
3322,0,0.003007336386592635,0
3323,0,0.05118028400234506,0
3324,1,0.7633929382982629,1
3325,0,0.14546403065628755,0
3326,0,0.0014695176328812106,0
3327,0,1.945979619435273e-5,0
3328,0,1.9915802244250268e-7,0
3329,0,2.149897857582001e-8,0
3330,0,1.0662078633243127e-9,0
3331,0,1.29181041697122e-11,0
3332,0,2.2306925735696185e-12,0
3333,0,5.614189261757592e-11,0
3334,0,4.373059677269314e-9,0
3335,0,2.060237859074851e-7,0
3336,0,1.1358911469386509e-5,0
3337,0,5.510802737298683e-4,0
3338,0,0.01252896019035407,0
3339,0,0.1439330705376642,0
3340,0,0.18506351648951944,0
3341,0,0.26244689809966365,0
3359,0,0.0017029598020598597,0
3363,0,0.03367575333114122,0
3364,0,0.011610112354571381,0
3365,0,0.04245304542996108,0
3366,0,0.3119285294189134,0
3367,0,0.558444628882732,1
3368,0,0.13971757610601282,0
3369,0,0.033018468181691595,0
3370,1,0.33678428732717985,0
3371,1,0.12425135908915837,0
3372,0,0.09982046005398852,0
3373,0,0.0705506147108156,0
3374,0,0.022781923695984415,0
3375,0,0.0026074639933891244,0
3376,0,0.0012029959611110617,0
3377,0,1.2072897131042754e-4,0
3378,0,1.117835489914108e-5,0
3379,0,1.118893157824343e-4,0
3380,0,0.00110080593118379,0
3381,0,0.0078074100581188854,0
3382,0,0.21003134815164273,0
3383,0,0.3244096813152617,0
3384,0,0.03586738571521701,0
3385,0,0.002226054587847786,0
3386,0,5.173446266814699e-5,0
3387,0,1.1440265362453444e-4,0
3388,0,0.0022334834980617334,0
3389,1,0.36812924482227277,0
3390,1,0.7794095437792808,1
3391,1,0.5623292611669031,1
3392,0,0.07701520955205454,0
3393,0,3.434056342600026e-4,0
3394,0,1.2791748393161108e-5,0
3395,0,1.0587723536764796e-6,0
3396,0,7.299113100578551e-8,0
3397,0,3.543305908609747e-9,0
3398,0,9.297291081883547e-11,0
3399,0,1.487616763114746e-11,0
3400,0,7.146396759773189e-11,0
3401,0,3.5267925195788042e-9,0
3402,0,2.2444333332840546e-7,0
3403,0,1.2739770791259242e-5,0
3404,0,4.521826959919489e-4,0
3405,0,0.025166864702390733,0
3406,0,0.19073227902306403,0
3407,0,0.1641201127623667,0
3408,0,0.18110143199963388,0
3423,0,1.6144451471024243e-4,0
3424,0,4.7289245343950647e-4,0
3425,0,0.004178008187968272,0
3426,0,0.0019035518651211321,0
3427,0,0.15259067710253593,0
3428,0,0.19983820470449182,0
3429,0,0.06599622079522069,0
3430,0,0.08399647196791868,0
3431,0,0.03732486364961834,0
3432,0,0.09498084600774961,0
3433,0,0.018532663765095995,0
3434,0,0.11889874935166371,0
3435,0,0.07082843290058369,0
3436,0,0.0042671475738762345,0
3437,1,0.049155643734118404,0
3438,1,0.3852871267145486,0
3439,1,0.5300902928829853,1
3440,0,0.04805040728885311,0
3441,0,0.02320891159547526,0
3442,0,0.003607845656342477,0
3443,0,3.4123118382620876e-4,0
3444,0,6.740351286192063e-5,0
3445,0,7.473367417429234e-6,0
3446,0,3.965683347899314e-4,0
3447,0,0.021863647150051204,0
3448,0,0.22266426749471863,0
3449,0,0.18786685407841425,0
3450,0,0.07883767559584964,0
3451,0,0.4246823022728068,0
3452,0,0.013867617937223952,0
3453,0,5.129207170609892e-4,0
3454,0,4.983660723322023e-4,0
3455,0,0.019902110249216415,0
3456,1,0.8000504264658084,1
3457,0,0.47753895964037313,0
3458,0,0.3560087594465707,0
3459,0,0.025878468478662785,0
3460,0,0.0014821673271325864,0
3461,0,3.4562912407929563e-4,0
3462,0,1.966390627583821e-5,0
3463,0,6.770939833612192e-7,0
3464,0,2.391898685093222e-8,0
3465,0,1.2865962792132812e-9,0
3466,0,5.40407132341947e-10,0
3467,0,4.521981696561192e-10,0
3468,0,2.903772700416996e-9,0
3469,0,1.1977786079576612e-7,0
3470,0,4.145064098320854e-6,0
3471,0,1.3554204648210896e-4,0
3472,0,0.0020350879083568868,0
3473,0,0.02370374527010109,0
3474,0,0.11657647179516681,0
3475,0,0.07132194180718662,0
3490,0,0.004722734553181164,0
3491,0,0.0222627743249729,0
3492,0,0.051218643740552364,0
3493,0,0.07577251637782043,0
3494,0,0.027026127867631033,0
3495,0,0.009544092664998427,0
3496,0,0.08088089441878758,0
3497,0,0.08896312315704603,0
3498,0,0.09919909859541048,0
3499,0,0.10470492973338112,0
3500,0,0.22557838757498896,0
3501,0,0.010350294001136802,0
3502,0,0.003307465233239238,0
3503,0,0.007427418846305846,0
3504,1,0.07004039605245932,0
3505,1,0.34985744353570575,0
3506,1,0.7757619246444717,1
3507,0,0.013534823606780039,0
3508,0,0.05972851316201874,0
3509,0,0.010326008010562738,0
3510,0,0.008905178160105004,0
3511,0,5.471024167752318e-4,0
3512,0,2.8967533418335367e-5,0
3513,0,4.1546145722423097e-4,0
3514,0,0.008348330625334974,0
3515,0,0.04978691857702342,0
3516,0,0.020828635056721428,0
3517,0,0.009294908186622612,0
3518,0,0.07775385465409924,0
3519,0,0.011255901953803,0
3520,0,4.386100107712363e-4,0
3521,0,0.0038763654818181484,0
3522,0,0.47375137155754743,0
3523,1,0.682232925072131,1
3524,0,0.09464982756690832,0
3525,1,0.15875110842713758,0
3526,0,0.09526820064804177,0
3527,0,0.04003447923864311,0
3528,0,0.0053770854324788,0
3529,0,1.0170057363488431e-4,0
3530,0,2.402078844697972e-6,0
3531,0,1.9978837682147717e-7,0
3532,0,3.370963308455748e-8,0
3533,0,2.9666996401350586e-8,0
3534,0,2.1964575400106242e-8,0
3535,0,5.8659824063515506e-9,0
3536,0,3.1694877034813985e-8,0
3537,0,1.256893495004009e-6,0
3538,0,6.37452947482955e-5,0
3539,0,0.0025033949146311446,0
3540,0,0.02109807100174286,0
3541,0,0.08132874155222124,0
3557,0,0.0035391391626710435,0
3558,0,0.055914327567886064,0
3559,0,0.046324539652968205,0
3560,0,0.11647444342423588,0
3561,0,0.07066051116905933,0
3562,0,0.018388117243636922,0
3563,0,0.025210938561068808,0
3564,0,0.016207635681305475,0
3565,0,0.011197159759898163,0
3566,0,0.05155830305997934,0
3567,0,0.014298980487354245,0
3568,0,0.0012186297664032026,0
3569,0,0.007314492819878575,0
3570,1,0.15742353090306938,0
3571,1,0.30451885146333735,0
3572,1,0.6896297678742185,1
3573,1,0.12411535791903325,0
3574,0,0.0069060648821568866,0
3575,0,0.06483996517371768,0
3576,0,0.016545151576866462,0
3577,0,0.01666449964423744,0
3578,0,9.77003559145865e-4,0
3579,0,1.475258120984492e-5,0
3580,0,3.4425453393042304e-5,0
3581,0,6.389674224538495e-4,0
3582,0,0.003213049583246799,0
3583,0,8.653068467772106e-4,0
3584,0,2.268759934188454e-4,0
3585,0,0.001074946821176145,0
3586,0,0.0014187692952795192,0
3587,0,2.0429047222072315e-4,0
3588,0,0.041065539947720345,0
3589,1,0.985715333515483,1
3590,1,0.43812392040110987,0
3591,0,0.05906259845283093,0
3592,0,0.15173415629622922,0
3593,1,0.18498607963906474,0
3594,0,0.034756082167455564,0
3595,0,0.0059748547063755465,0
3596,0,1.5097431773135496e-4,0
3597,0,1.3194098296916916e-5,0
3598,0,8.10393995012089e-6,0
3599,0,1.6318110850430749e-6,0
3600,0,2.139374482452869e-6,0
3601,0,9.412519225761802e-7,0
3602,0,3.7401628486079906e-7,0
3603,0,1.0263351678694141e-7,0
3604,0,3.801354609707305e-6,0
3605,0,2.0546090911476443e-4,0
3606,0,0.013774867318704441,0
3607,0,0.10977480075254584,0
3608,0,0.10107825700599149,0
3624,0,0.010694166204380011,0
3625,0,0.4544090488070124,0
3626,0,0.40025852393405575,0
3627,0,0.15844897286696727,0
3628,0,0.1373654427406842,0
3629,1,0.3268803138465663,0
3630,1,0.4237979081439291,0
3631,1,0.2563619446898864,0
3632,1,0.5765404633170026,1
3633,1,0.12485284362102014,0
3634,0,0.05469401065005224,0
3635,0,0.022119399892014623,0
3636,1,0.05271885089574664,0
3637,1,0.5731478640749089,1
3638,1,0.4223194291101907,0
3639,0,0.047454499922363946,0
3640,0,0.001434053416462007,0
3641,0,5.997558206741448e-4,0
3642,0,0.002014299326179951,0
3643,0,8.425832970810007e-4,0
3644,0,8.231301677597092e-4,0
3645,0,7.751099110705963e-5,0
3646,0,3.7812585543430635e-6,0
3647,0,3.101415238996961e-6,0
3648,0,3.6402790290246765e-5,0
3649,0,5.4132594907663424e-5,0
3650,0,1.8480037454711457e-05,0
3651,0,6.854428803275677e-6,0
3652,0,1.9892099059114266e-5,0
3653,0,7.998740434390714e-5,0
3654,0,8.657166433888872e-4,0
3655,0,0.10143152865662078,0
3656,1,0.9766464246175415,1
3657,0,0.10177853126447022,0
3658,0,0.013643922308674472,0
3659,0,0.03911978677441898,0
3660,0,0.07598659853368983,0
3661,0,0.004175039345804594,0
3662,0,5.189101762971891e-4,0
3663,0,2.602969035853861e-4,0
3664,0,4.1517883035891963e-4,0
3665,0,3.8188931201010395e-4,0
3666,0,5.136006254910766e-5,0
3667,0,8.964883765814571e-5,0
3668,0,3.534167236419984e-5,0
3669,0,1.103652868707337e-5,0
3670,0,6.786585235082535e-7,0
3671,0,3.955582932227824e-6,0
3672,0,3.159230984728374e-4,0
3673,0,0.012223518443337847,0
3674,0,0.15201679795644873,0
3675,0,0.10371266400177323,0
3691,1,0.9279527223446514,1
3692,1,0.8929650616474135,1
3693,1,0.5295368973073397,1
3694,1,0.3171056078161275,0
3695,1,0.5635228203551298,1
3696,1,0.5048183075223732,1
3697,1,0.3554863130063211,0
3698,1,0.3832220627868972,0
3699,1,0.25474290586744575,0
3700,1,0.2669484370174328,0
3701,1,0.5138997997829644,1
3702,1,0.43863880975500535,0
3703,1,0.8130665121759831,1
3704,0,0.20629182641734453,0
3705,0,0.005785195620742919,0
3706,0,0.0012586120624192268,0
3707,0,5.90309450102491e-4,0
3708,0,0.001347812114238986,0
3709,0,2.2144695382092928e-4,0
3710,0,8.538807628077144e-5,0
3711,0,2.109726585216851e-5,0
3712,0,9.228832046517887e-6,0
3713,0,3.059550646334882e-6,0
3714,0,9.117967455398617e-7,0
3715,0,4.05262157985855e-7,0
3716,0,5.11066280694764e-7,0
3717,0,5.049415046027921e-7,0
3718,0,1.6325901094808912e-7,0
3719,0,5.898456882251826e-7,0
3720,0,4.2341688222919856e-5,0
3721,0,0.0022101840742402576,0
3722,0,0.15805482039363083,0
3723,1,0.9590064985325997,1
3724,0,0.035906127006944136,0
3725,0,0.0015547429266530243,0
3726,0,0.005488955578672977,0
3727,0,0.003966643794239366,0
3728,0,9.938645203888211e-4,0
3729,0,8.22397913660965e-4,0
3730,0,0.004098285186483506,0
3731,0,0.01799391695455898,0
3732,0,0.025460402746872002,0
3733,0,0.0017679350402053417,0
3734,0,0.005079218086977888,0
3735,0,0.0014991717336805095,0
3736,0,1.9552979982405782e-4,0
3737,0,5.218793563104123e-6,0
3738,0,1.842477055998803e-5,0
3739,0,9.783834747e-4,0
3740,0,0.02850296491512205,0
3741,0,0.07309359787474476,0
3742,0,0.18162387710554426,0
3758,0,0.28089433119891677,0
3759,0,0.35444490228231673,0
3760,1,0.6491975422587051,1
3761,1,0.24677383049712331,0
3762,0,0.07874468965931508,0
3763,0,0.057902335682506946,0
3764,0,0.10771433480348251,0
3765,0,0.22374178968976866,0
3766,0,0.23751689350506952,0
3767,0,0.09295042635191435,0
3768,0,0.181672489560524,0
3769,0,0.31847423401312747,0
3770,0,0.028576445595683904,0
3771,0,0.009205564063366107,0
3772,0,0.029429123416630263,0
3773,0,0.0021597321181042587,0
3774,0,0.006516299745630247,0
3775,0,0.04032814208797039,0
3776,0,0.003723229061377445,0
3777,0,3.830923759210592e-4,0
3778,0,6.158292592669616e-4,0
3779,0,1.1058988008659766e-4,0
3780,0,1.3027921965194006e-5,0
3781,0,8.59930877673694e-8,0
3782,0,1.9048618444190162e-10,0
3783,0,6.380339256894841e-10,0
3784,0,1.6237443179625765e-8,0
3785,0,7.576054665225944e-9,0
3786,0,4.5713334422903927e-7,0
3787,0,2.86093051198006e-5,0
3788,0,0.002695055062780972,0
3789,0,0.13568158253699247,0
3790,1,0.925786120080099,1
3791,0,0.21494778510788962,0
3792,0,0.0060579143750291685,0
3793,0,0.0011893003202717708,0
3794,0,1.5217518902776317e-4,0
3795,0,5.30585482881876e-4,0
3796,0,0.01310414583806217,0
3797,0,0.04744470549995603,0
3798,0,0.08207518743470706,0
3799,0,0.05886838977157951,0
3800,0,0.016636725029686928,0
3801,0,0.07830477981197274,0
3802,0,0.024112328107483767,0
3803,0,6.944521016764021e-4,0
3804,0,1.5278690950616697e-5,0
3805,0,1.1306991587310892e-4,0
3806,0,0.003382556390016752,0
3807,0,0.053036810277922466,0
3808,0,0.06761541586702156,0
3809,0,0.08547015149123423,0
3825,0,0.007292978702852108,0
3826,0,0.0149688304738588,0
3827,0,0.05357090543168255,0
3828,0,0.1625420387573326,0
3829,0,0.5647641643650568,1
3830,0,0.4237089634605096,0
3831,0,0.1268577452593658,0
3832,0,0.6234885689797993,1
3833,0,0.07022307567150214,0
3834,0,0.0021465409481651126,0
3835,0,0.0011790493553289255,0
3836,0,9.270952498550798e-4,0
3837,0,4.3898930579940564e-4,0
3838,0,0.00756446915106888,0
3839,0,0.036017072796132574,0
3840,0,0.0038407193391835673,0
3841,0,0.009257130942796718,0
3842,0,0.034144197402104524,0
3843,0,0.002320959237262874,0
3844,0,0.005670883279488139,0
3845,0,0.007563893972281621,0
3846,0,7.049690782677639e-4,0
3847,0,5.092206023457109e-5,0
3848,0,1.547900652849243e-7,0
3849,0,1.5044450212026128e-10,0
3850,0,1.6128325610129485e-11,0
3851,0,2.7911694770362076e-10,0
3852,0,5.906605987492738e-9,0
3853,0,3.706867926876447e-7,0
3854,0,4.659822324405959e-5,0
3855,0,0.005571339735084864,0
3856,0,0.15504432347076583,0
3857,1,0.9957122994195579,1
3858,0,0.19361027664279004,0
3859,0,0.14175706493495868,0
3860,0,0.010478613574896038,0
3861,0,3.27377234030203e-4,0
3862,0,3.9264422362463947e-4,0
3863,0,0.01045672820244263,0
3864,0,0.08035565104263097,0
3865,0,0.044617214597455115,0
3866,0,0.06552513306645869,0
3867,0,0.17284975689289386,0
3868,0,0.014768013284703587,0
3869,0,0.005513284143627039,0
3870,0,2.4399618367594973e-4,0
3871,0,1.1887756926741297e-5,0
3872,0,3.2789274559620564e-4,0
3873,0,0.01515756551475275,0
3874,1,0.16710922769105288,0
3875,0,0.08654962657108353,0
3876,0,0.1341005546419513,0
3892,0,0.017969436313663264,0
3893,0,0.01761987122763451,0
3894,0,0.04756142510500816,0
3895,0,0.068062755677141,0
3896,0,0.005928478786980624,0
3897,0,0.013251056145070866,0
3898,0,0.04777532403429155,0
3899,0,0.16210156858416339,0
3900,0,0.004606786236015693,0
3901,0,1.1286253858939786e-4,0
3902,0,5.784922352864629e-6,0
3903,0,1.2963087047457542e-5,0
3904,0,3.210119076686322e-5,0
3905,0,3.8257375652163026e-4,0
3906,0,9.456429542144856e-4,0
3907,0,1.1756001883413028e-4,0
3908,0,1.0247528053759439e-4,0
3909,0,2.0338946333090094e-4,0
3910,0,3.1893954828613363e-4,0
3911,0,0.026513117769717393,0
3912,0,0.04348783874763532,0
3913,0,0.0018118930410729905,0
3914,0,5.7579192609632064e-6,0
3915,0,8.081757986976532e-9,0
3916,0,1.84314431928159e-10,0
3917,0,1.677739415233919e-11,0
3918,0,1.1365593656724932e-10,0
3919,0,5.153453805492383e-9,0
3920,0,3.6683273826136127e-7,0
3921,0,6.119280116998127e-5,0
3922,0,7.815954061556213e-4,0
3923,0,0.03318316681712987,0
3924,1,0.9943519591023063,1
3925,0,0.11128161083612714,0
3926,0,0.6687133865060607,1
3927,0,0.19806384317307124,0
3928,0,0.0010453778278994264,0
3929,0,0.0010425523014952179,0
3930,0,0.008821351475543611,0
3931,0,0.018419004939381353,0
3932,0,0.00304732041653031,0
3933,0,0.017036743518803948,0
3934,0,0.13406059587188288,0
3935,0,0.005212195529025102,0
3936,0,2.713315977391854e-4,0
3937,0,1.3561731880501195e-5,0
3938,0,5.417753952034654e-6,0
3939,0,1.5981308291515523e-4,0
3940,0,0.00838104343885896,0
3941,0,0.061886123765137385,0
3942,0,0.06483392995426346,0
3943,0,0.01613653917877539,0
3960,0,0.0018340886794886385,0
3961,0,0.01957460979811955,0
3962,0,0.026422375501532407,0
3963,0,0.0020699488579988723,0
3964,0,0.00393261712431439,0
3965,0,0.2342981347093768,0
3966,0,0.003955764467101235,0
3967,0,1.4373256461317735e-4,0
3968,0,7.869865925302081e-6,0
3969,0,1.2034047422947734e-6,0
3970,0,1.7504703310820553e-7,0
3971,0,7.087151086252495e-7,0
3972,0,9.02923515666796e-6,0
3973,0,2.6020854548469606e-5,0
3974,0,8.555186315302257e-6,0
3975,0,3.5227103702944146e-6,0
3976,0,4.592313293500626e-6,0
3977,0,4.4423011109898976e-5,0
3978,0,0.0028914285264782283,0
3979,0,0.004331787071527392,0
3980,0,7.414598064171273e-5,0
3981,0,1.0913944209924192e-7,0
3982,0,5.135778993389544e-9,0
3983,0,6.418673309460044e-10,0
3984,0,3.0180284103296967e-10,0
3985,0,2.598848740638174e-10,0
3986,0,1.1524149026078142e-8,0
3987,0,2.5705773514492394e-7,0
3988,0,3.789759161292732e-6,0
3989,0,1.829832231133849e-4,0
3990,0,0.01138396067026708,0
3991,1,0.9963090183341542,1
3992,0,0.05673785728801095,0
3993,0,0.08805998234988809,0
3994,0,0.016246068069216472,0
3995,0,5.442946121313881e-4,0
3996,0,0.004805248055922556,0
3997,0,0.08119391579750421,0
3998,0,0.027121057227978702,0
3999,0,0.007904798352118107,0
4000,0,0.035102267726779504,0
4001,0,0.12194298220782374,0
4002,0,0.024740017092007037,0
4003,0,4.5049969307582664e-4,0
4004,0,2.0032388481050298e-5,0
4005,0,4.7852921098062605e-5,0
4006,0,1.7072703734273897e-4,0
4007,0,0.0010159266941383571,0
4008,0,0.012017044685978891,0
4009,0,0.07597624919348195,0
4010,0,0.017873924789359386,0
4027,0,0.004254727174552713,0
4028,0,0.012508689192270833,0
4029,0,0.03809313520340662,0
4030,0,0.006010613573936006,0
4031,0,0.011805406888895078,0
4032,0,0.09274090280346384,0
4033,0,0.0010703994034443616,0
4034,0,9.713410197779953e-5,0
4035,0,6.956371645778071e-5,0
4036,0,2.1986403883125026e-5,0
4037,0,4.6621709626072645e-6,0
4038,0,4.222890295771842e-6,0
4039,0,7.435227249245633e-5,0
4040,0,2.2547225169177368e-4,0
4041,0,4.638540217939845e-5,0
4042,0,5.774650532741078e-6,0
4043,0,1.5131328198358893e-6,0
4044,0,6.55159790880868e-6,0
4045,0,7.831199810879073e-6,0
4046,0,2.3989631425966177e-5,0
4047,0,5.481543655644534e-7,0
4048,0,3.2261185403919074e-7,0
4049,0,4.692801025188734e-7,0
4050,0,4.825959920980133e-7,0
4051,0,4.0373546747518476e-8,0
4052,0,1.6269684175758004e-8,0
4053,0,1.0106330228351501e-7,0
4054,0,7.138162475577134e-7,0
4055,0,2.536665212588073e-6,0
4056,0,1.0310782715801306e-4,0
4057,0,0.0058740235910772695,0
4058,1,0.9857196611798289,1
4059,0,0.10943592164076986,0
4060,0,0.007873372309520598,0
4061,0,2.2729254750250026e-4,0
4062,0,4.884879148965919e-5,0
4063,0,6.373268838064841e-4,0
4064,0,0.010915341316681306,0
4065,0,0.10737498066167873,0
4066,0,0.03462408544067468,0
4067,0,0.06393820334968511,0
4068,0,0.17229668895942626,0
4069,0,0.060205613161234774,0
4070,0,0.0015286468651661083,0
4071,0,1.0036403242801965e-4,0
4072,0,0.0011343881353266594,0
4073,0,0.0055774387463140935,0
4074,0,0.0033422159735133775,0
4075,0,0.005553269050153571,0
4076,0,0.01896274416610228,0
4077,0,0.047230740251083356,0
4096,0,0.01033603664917972,0
4097,0,0.003733810198603492,0
4098,0,0.09358217507137159,0
4099,0,0.033990748874051964,0
4100,0,0.008596358184109847,0
4101,0,0.002628990183736279,0
4102,0,0.0034967788505511667,0
4103,0,6.770856718659037e-4,0
4104,0,3.656936163327739e-4,0
4105,0,6.183970157318365e-5,0
4106,0,0.0012175379106816571,0
4107,0,0.009125606597061686,0
4108,0,0.0017516285581293557,0
4109,0,2.777075202403276e-5,0
4110,0,2.563080226236835e-6,0
4111,0,2.115148684895268e-7,0
4112,0,8.277246942384326e-8,0
4113,0,6.460762493406894e-7,0
4114,0,4.409668286580557e-6,0
4115,0,1.5373009332915246e-5,0
4116,0,1.3701097576258828e-5,0
4117,0,1.484985785815179e-5,0
4118,0,2.453129871615206e-6,0
4119,0,1.0220936196295003e-7,0
4120,0,1.8765034853568264e-6,0
4121,0,1.3512779393455074e-5,0
4122,0,4.932766297897206e-5,0
4123,0,1.9598238579013932e-4,0
4124,0,0.0048188786777473396,0
4125,1,0.9913129608987058,1
4126,0,0.24851627931972806,0
4127,0,0.0015660960636187274,0
4128,0,2.3510860098850428e-5,0
4129,0,4.166427562168084e-6,0
4130,0,6.984207130700698e-5,0
4131,0,0.003030208283561727,0
4132,0,0.005737343564523313,0
4133,0,0.008633487401076775,0
4134,0,0.05586003696996199,0
4135,0,0.28881305393935575,0
4136,0,0.04868208035835123,0
4137,0,0.0032643076236334996,0
4138,0,0.0010950469969220093,0
4139,0,0.009197229273559758,0
4140,0,0.09605858349978211,0
4141,0,0.03657749441091685,0
4142,0,0.016424361732481938,0
4143,0,0.004109926061234183,0
4144,0,0.0023484321642287726,0
4163,0,7.026886147310753e-4,0
4164,0,0.0328869642378464,0
4165,0,0.0251029207557079,0
4166,0,0.006366599135566223,0
4167,0,0.01596563395949298,0
4168,0,0.01989760591571574,0
4169,0,0.009772227626843495,0
4170,0,0.008285011075763751,0
4171,0,0.00986917828746457,0
4172,0,7.065504652978766e-4,0
4173,0,0.0027137854029358395,0
4174,0,0.017309071871307202,0
4175,0,0.0016614358685889776,0
4176,0,2.698209477888445e-5,0
4177,0,3.7674618305543693e-6,0
4178,0,5.026353304491238e-7,0
4179,0,8.421443813531724e-7,0
4180,0,3.1523790091549935e-06,0
4181,0,1.969772394859742e-4,0
4182,0,0.011396971209463005,0
4183,0,0.010915077882446923,0
4184,0,0.0013378957323267652,0
4185,0,7.040740686049375e-6,0
4186,0,2.9173752777260947e-6,0
4187,0,2.3111742818193507e-5,0
4188,0,2.3084601185703583e-4,0
4189,0,0.0020093931183241018,0
4190,0,0.00841486065533433,0
4191,0,0.013552284910482847,0
4192,1,0.9901889394517916,1
4193,0,0.3162992273378781,0
4194,0,0.0019474872741832227,0
4195,0,5.1898331150473874e-5,0
4196,0,4.177630827039193e-5,0
4197,0,9.136813755061842e-5,0
4198,0,1.4453520277411483e-4,0
4199,0,1.7054645426805277e-4,0
4200,0,0.002834171486788532,0
4201,0,0.04364838443258796,0
4202,0,0.07626341825863277,0
4203,0,0.10235748529971615,0
4204,0,0.005987372389916596,0
4205,0,0.029455104363872754,0
4206,0,0.014683830709269704,0
4207,0,0.022328942133951583,0
4208,0,0.023290312511377156,0
4209,0,0.0943910659072745,0
4210,0,0.007588714527555223,0
4211,0,0.023265948715775624,0
4230,0,0.00471642884830384,0
4231,0,0.038441751755371206,0
4232,0,0.011894192103389788,0
4233,0,0.024305882848402686,0
4234,0,0.013677384250595252,0
4235,0,0.009395661891300427,0
4236,0,0.0027186787767566343,0
4237,0,0.00920860689336908,0
4238,0,0.030491195896917525,0
4239,0,4.52022307073767e-4,0
4240,0,4.573224716662549e-5,0
4241,0,5.40450110984309e-4,0
4242,0,1.5146903286935895e-4,0
4243,0,9.666665627718126e-6,0
4244,0,6.021167097902881e-7,0
4245,0,1.2615685673753156e-6,0
4246,0,7.701735987643838e-5,0
4247,0,0.0010348693616637752,0
4248,0,8.810212334152005e-4,0
4249,0,0.024711447691776835,0
4250,0,0.0098258041970609,0
4251,0,1.823735480653905e-4,0
4252,0,1.4769304814132133e-5,0
4253,0,7.880163459138059e-5,0
4254,0,8.204538793584383e-4,0
4255,0,0.009565824673124999,0
4256,1,0.1669782617773423,0
4257,1,0.6344446254709173,1
4258,0,0.42430403139352274,0
4259,1,0.9471869060572838,1
4260,0,0.4182799658502556,0
4261,0,0.0027349726893733696,0
4262,0,8.160484185846104e-4,0
4263,0,0.0027429134618537376,0
4264,0,0.004470345819070454,0
4265,0,3.355208993890305e-4,0
4266,0,1.2418498776801975e-4,0
4267,0,0.0022411131032365602,0
4268,0,0.029032820079979597,0
4269,0,0.04392015639903738,0
4270,0,0.017896124732818902,0
4271,0,0.003317355694265254,0
4272,0,0.08264692209834287,0
4273,0,0.03952185218584478,0
4274,0,0.00426337181049223,0
4275,0,0.02416011083033575,0
4276,0,0.02167685707754162,0
4277,0,0.004952741461968536,0
4278,0,0.018545083615779542,0
4297,0,0.004285941701085758,0
4298,0,0.01947275264366034,0
4299,0,0.022149754525350812,0
4300,0,0.004726276531131254,0
4301,0,0.011256475770442463,0
4302,0,0.007212496212263072,0
4303,0,0.0021408637613950965,0
4304,0,0.002780785184061134,0
4305,0,6.543772797917325e-4,0
4306,0,4.112605523708639e-5,0
4307,0,1.6295272548560214e-6,0
4308,0,7.4320102174471795e-6,0
4309,0,1.3465912011651113e-5,0
4310,0,5.223642071054015e-6,0
4311,0,1.3560248292199338e-6,0
4312,0,5.6740814308210885e-6,0
4313,0,0.0015808985977655932,0
4314,0,0.09904691037810638,0
4315,0,0.1303199276593564,0
4316,0,0.0037601875128723695,0
4317,0,0.0010423365913728225,0
4318,0,3.1507141980397033e-4,0
4319,0,1.349527589065766e-4,0
4320,0,0.0013935908930592575,0
4321,0,0.021131234077861476,0
4322,1,0.42117389007505773,0
4323,0,0.42105647033758287,0
4324,0,0.03646993563653633,0
4325,0,0.07079477509836873,0
4326,1,0.374902326169111,0
4327,1,0.7770424458092642,1
4328,0,0.008453599407243063,0
4329,0,0.01662808000988664,0
4330,0,0.07398070029302507,0
4331,0,0.08448059638535832,0
4332,0,0.0013692610507240663,0
4333,0,1.5836972935486147e-4,0
4334,0,0.0057436571256344925,0
4335,0,0.03019104463026512,0
4336,0,0.009511241473836843,0
4337,0,8.749997025153749e-4,0
4338,0,0.0014546721264240368,0
4339,0,0.0064709974062074375,0
4340,0,0.04267406329807857,0
4341,0,0.02709253174334413,0
4342,0,0.030808454721069963,0
4343,0,0.0617372571442932,0
4344,0,0.035319438452965285,0
4345,0,0.009777826668961686,0
4364,0,7.33265715195994e-4,0
4365,0,0.001948667129453729,0
4366,0,0.0022642786405113902,0
4367,0,0.004296386298143533,0
4368,0,0.006602917421519059,0
4369,0,0.0014980962355144222,0
4370,0,0.0015139851077467783,0
4371,0,6.342042823665306e-4,0
4372,0,7.96224576486755e-5,0
4373,0,1.492848892990108e-5,0
4374,0,5.011769083661472e-6,0
4375,0,2.4754561378409905e-6,0
4376,0,7.35158785272677e-5,0
4377,0,2.2609436153266143e-4,0
4378,0,4.977587625127789e-5,0
4379,0,5.7963532548759107e-5,0
4380,0,0.004222088680078564,0
4381,0,0.03775640176170018,0
4382,0,0.0032605286434746056,0
4383,0,7.3693671287162e-4,0
4384,0,0.010099849315166545,0
4385,0,0.0056079564402865024,0
4386,0,0.011275099419531715,0
4387,0,0.07009048366630993,0
4388,0,0.48388008118362674,0
4389,0,0.3436116319209232,0
4390,0,0.11413797256865665,0
4391,0,0.0037526740940848746,0
4392,0,0.0028912355078232095,0
4393,0,0.04914322461872555,0
4394,1,0.9301086798671131,1
4395,0,0.0320563197071211,0
4396,0,0.10182503773640589,0
4397,0,0.11045478594707556,0
4398,0,0.2128803963345723,0
4399,0,0.027161479846680117,0
4400,0,0.002259859220872521,0
4401,0,0.0020574820759382676,0
4402,0,0.00710930503209451,0
4403,0,6.618712371749437e-4,0
4404,0,5.691897746837177e-4,0
4405,0,0.018494878870644285,0
4406,0,0.026185513967802738,0
4407,0,0.056139470445008104,0
4408,0,0.02114238588850537,0
4409,0,0.011294441907159707,0
4410,0,0.04064180207684068,0
4411,0,0.03090210232248807,0
4412,0,0.008075459148996444,0
4431,0,0.0013442415858558813,0
4432,0,5.47725296579709e-4,0
4433,0,0.0024107581278961605,0
4434,0,0.004429486208526838,0
4435,0,0.0010911538869333437,0
4436,0,2.7639437293025846e-4,0
4437,0,0.0011144239998119585,0
4438,0,0.0012295181242254138,0
4439,0,3.309642967513967e-4,0
4440,0,4.7616408143067346e-4,0
4441,0,4.206056366906462e-4,0
4442,0,4.167202304490393e-5,0
4443,0,8.767305444739782e-4,0
4444,0,0.0409363753341827,0
4445,0,0.04185661314561803,0
4446,1,0.028289968926035865,0
4447,0,0.18299304680496783,0
4448,0,0.04344944772330539,0
4449,0,9.881727421576442e-4,0
4450,0,0.0025158403434127406,0
4451,0,0.0841654252752996,0
4452,0,0.08686999183478451,0
4453,0,0.08353021204851233,0
4454,0,0.46107371622748206,0
4455,0,0.47440051994433474,0
4456,0,0.08450842410047078,0
4457,0,0.012281627619168393,0
4458,0,0.008396877757923851,0
4459,0,0.0319323281410192,0
4460,0,0.07512579325382468,0
4461,1,0.6918738492601139,1
4462,0,0.12788027909176755,0
4463,0,0.1750081625121922,0
4464,0,0.028986783170046448,0
4465,0,0.05708791451504789,0
4466,0,0.08862452125166301,0
4467,0,0.036772385630020187,0
4468,0,0.0012934180850462497,0
4469,0,4.0444655437648285e-4,0
4470,0,7.131957804340618e-4,0
4471,0,4.8405275534329936e-4,0
4472,0,0.004169352893117754,0
4473,0,0.020074241847205024,0
4474,0,0.04006413056275979,0
4475,0,0.012007152250408831,0
4476,0,0.006022528777935803,0
4477,0,0.030923793886109975,0
4478,0,0.04613530380359287,0
4479,0,0.009315827426044875,0
4498,0,0.0011285815160277737,0
4499,0,6.174257576185368e-4,0
4500,0,0.0014922426982474089,0
4501,0,0.0016071082629086182,0
4502,0,0.001123382624123224,0
4503,0,0.0022646915481180636,0
4504,0,0.001318887949273285,0
4505,0,9.469831017947889e-4,0
4506,0,0.0012436038890351014,0
4507,0,0.002022985874051347,0
4508,0,0.0030707464549697455,0
4509,0,1.2519874576216776e-4,0
4510,0,1.2994172534020815e-4,0
4511,0,0.002865745363940899,0
4512,0,0.025938613237292966,0
4513,0,0.03073629082550838,0
4514,0,0.04382596496112934,0
4515,0,0.08267366779028214,0
4516,0,0.006383979022713088,0
4517,0,0.004351785799942109,0
4518,0,0.04779826247108724,0
4519,0,0.05017620305664587,0
4520,0,0.7543526958466487,1
4521,1,0.40457235881554826,0
4522,0,0.009047670847311966,0
4523,0,0.05333653798846418,0
4524,0,0.04322107931395822,0
4525,0,0.04587597871743367,0
4526,1,0.40478960823799087,0
4527,0,0.2132118568934442,0
4528,1,0.40914470972584327,0
4529,1,0.3724696016465131,0
4530,0,0.0381373691716458,0
4531,0,0.009133988938261785,0
4532,0,0.09448005090336915,0
4533,0,0.04955957567756383,0
4534,0,0.020375120338332515,0
4535,0,0.001004869728587337,0
4536,0,0.0045885248603697625,0
4537,0,0.02907637936067422,0
4538,0,0.004290094442166668,0
4539,0,0.006167039587912186,0
4540,0,0.01940856729407065,0
4541,0,0.020182050291082578,0
4542,0,0.02341927733916875,0
4543,0,0.004130053724759975,0
4544,0,0.01612818430729658,0
4545,0,0.039490245072987075,0
4546,0,0.01494209844584976,0
4568,0,0.0011759685002133739,0
4569,0,5.352317421562849e-4,0
4570,0,3.971134094625018e-4,0
4571,0,5.736560436144477e-4,0
4572,0,5.003174173270222e-4,0
4573,0,0.0015685830751446205,0
4574,0,0.0022703596812634753,0
4575,0,0.0020559027066059886,0
4576,0,2.947055582723784e-4,0
4577,0,6.939136544192885e-4,0
4578,0,0.005976434331817253,0
4579,0,0.00357846018465617,0
4580,0,0.0066992995590600775,0
4581,0,0.014928748502904097,0
4582,0,0.010856706192999204,0
4583,0,0.06166435139463391,0
4584,0,0.12002378799665898,0
4585,0,0.18880246066331802,0
4586,0,0.34034691000894024,0
4587,1,0.7598881584395266,1
4588,0,0.005920564901787435,0
4589,0,9.291130708852033e-4,0
4590,0,0.019539348264576834,0
4591,0,0.07818672824533078,0
4592,0,0.05461680432855166,0
4593,0,0.1667764343710283,0
4594,0,0.03001822738965943,0
4595,1,0.2106011022134721,0
4596,1,0.3103831597467327,0
4597,0,0.008571455839757568,0
4598,0,0.0020533806284214213,0
4599,0,0.01763939351301736,0
4600,0,0.0022552329562203818,0
4601,0,6.532570782185305e-4,0
4602,0,1.6476172182550256e-4,0
4603,0,0.006820020678947557,0
4604,0,0.03814514798421843,0
4605,0,0.027066639014768308,0
4606,0,0.03746871968933764,0
4607,0,0.0050824692737381875,0
4608,0,0.005698276065333429,0
4609,0,0.0032845124936982596,0
4610,0,0.012592821667275565,0
4611,0,0.050274082643340406,0
4612,0,0.10484028064173678,0
4613,0,0.003986517577013561,0
