grid_id,pred_prob,pred_class
1,1.0998002291679381e-10,0
2,1.5706709364250463e-10,0
3,2.602781184337474e-10,0
4,5.913495488579171e-10,0
5,1.0811597834072595e-8,0
6,9.564199794969744e-8,0
7,3.589180196907112e-7,0
8,5.013775870597658e-7,0
9,5.133978772694965e-7,0
10,1.4476880001905857e-7,0
11,1.7632921829648702e-8,0
12,9.696455200704743e-10,0
13,4.954912916941699e-10,0
14,2.08103034510141e-9,0
15,6.720148197396729e-9,0
16,1.0063551426342358e-8,0
17,6.793420609230571e-9,0
18,1.9038658913736174e-9,0
19,2.3077291871368821e-10,0
20,1.3497418221553216e-11,0
21,6.852934114194375e-13,0
22,2.2204460492503126e-16,0
23,2.2204460492503126e-16,0
24,2.2204460492503126e-16,0
25,2.2204460492503126e-16,0
26,2.2204460492503126e-16,0
27,2.2204460492503126e-16,0
28,2.2204460492503126e-16,0
29,2.2204460492503126e-16,0
30,2.2204460492503126e-16,0
31,2.2204460492503126e-16,0
32,2.2204460492503126e-16,0
33,2.753073308832408e-13,0
34,4.2962304734610796e-11,0
35,5.949385714148587e-10,0
36,2.2548161649841562e-8,0
37,2.835546095882617e-7,0
38,1.203661304792201e-5,0
39,6.656513754705738e-4,0
40,1.0324784843947799e-4,0
41,0.0011810451395336432,0
42,6.824170145258078e-4,0
43,8.277594310594133e-6,0
44,4.823726652550077e-7,0
45,1.3632646074570207e-8,0
46,1.7373088927381544e-8,0
47,7.913660824980239e-8,0
48,8.03348262724802e-8,0
49,1.1927385823792444e-7,0
50,3.49686440358249e-7,0
51,2.304116088292993e-5,0
52,9.698798409840223e-4,0
53,0.03806253783085387,0
54,0.007515594775249435,0
55,1.4734910438617787e-6,0
56,3.4337513900647054e-10,0
57,9.205922939451074e-10,0
58,2.993445504376954e-13,0
59,2.2204460492503126e-16,0
60,2.2204460492503126e-16,0
61,2.2204460492503126e-16,0
62,2.2204460492503126e-16,0
63,9.558086723368107e-9,0
64,1.066423989168151e-8,0
65,1.0934644647307228e-8,0
66,1.4197457128315e-8,0
67,1.9994853312382908e-7,0
68,3.4471561525872547e-6,0
69,1.8852115575526175e-5,0
70,3.719168425437217e-5,0
71,2.6212477057840045e-5,0
72,6.4641548123296236e-6,0
73,5.479801827836561e-7,0
74,2.214867363422058e-8,0
75,1.1728218880108987e-8,0
76,1.323586299717507e-7,0
77,1.486567236289291e-6,0
78,8.833791743282422e-7,0
79,6.722248879432786e-7,0
80,1.6729523398905876e-7,0
81,5.4707159372336256e-9,0
82,3.6558128170350894e-10,0
83,1.4141769205435112e-11,0
84,2.8634827334020424e-13,0
85,2.2204460492503126e-16,0
86,2.2204460492503126e-16,0
87,2.2204460492503126e-16,0
88,2.2204460492503126e-16,0
89,2.2204460492503126e-16,0
90,2.2204460492503126e-16,0
91,2.2204460492503126e-16,0
92,2.2204460492503126e-16,0
93,2.2204460492503126e-16,0
94,2.2204460492503126e-16,0
95,7.878203561081164e-13,0
96,1.6331679944868583e-10,0
97,4.8461873849318614e-9,0
98,2.777158051150977e-4,0
99,0.9999999999362407,1
100,0.9999999999999998,1
101,0.038719866614322196,0
102,0.01024233642003084,0
103,0.12501651878927636,0
104,0.025589379116774554,0
105,5.63060439608099e-5,0
106,2.3029193987012444e-7,0
107,3.588830263229928e-7,0
108,6.233703095564892e-7,0
109,8.390218642083588e-7,0
110,1.2047734095898577e-6,0
111,3.968000367183909e-7,0
112,5.880241244932372e-7,0
113,2.528533971558859e-5,0
114,0.004188112969745058,0
115,0.06960446378923016,0
116,2.9919148653909187e-4,0
117,6.229730197548524e-7,0
118,1.2510067544011274e-9,0
119,2.2204460492503126e-16,0
120,2.2204460492503126e-16,0
121,2.2204460492503126e-16,0
122,2.2204460492503126e-16,0
123,2.2204460492503126e-16,0
124,2.2204460492503126e-16,0
125,5.167428035773522e-7,0
126,6.775671469941901e-7,0
127,1.0281749929246691e-6,0
128,2.6689235860499996e-7,0
129,1.1591430726333236e-6,0
130,2.7729755985133965e-5,0
131,5.692876417730283e-4,0
132,0.0013202451510987217,0
133,0.0016956961021573054,0
134,2.8227963868979167e-4,0
135,4.2347816144792873e-4,0
136,4.676251098241969e-8,0
137,1.0218153535376216e-7,0
138,2.1329376175111945e-6,0
139,8.25417216563458e-5,0
140,5.558426322301845e-5,0
141,2.3047592446697547e-5,0
142,1.6239252308757608e-6,0
143,1.0682789041184528e-6,0
144,3.094979862019162e-9,0
145,7.23126633137813e-11,0
146,1.1768305441873736e-12,0
147,2.2204460492503126e-16,0
148,2.2204460492503126e-16,0
149,2.2204460492503126e-16,0
150,2.2204460492503126e-16,0
151,2.2204460492503126e-16,0
152,2.2204460492503126e-16,0
153,2.2204460492503126e-16,0
154,2.2204460492503126e-16,0
155,2.2204460492503126e-16,0
156,2.2204460492503126e-16,0
157,1.6622362366644788e-12,0
158,3.2662585583663713e-10,0
159,2.9176777561051987e-9,0
160,0.9999999999999998,1
161,3.905505785512495e-6,0
162,1.7106553738882835e-4,0
163,0.9999999993830975,1
164,8.595249754089614e-5,0
165,9.950655950877995e-6,0
166,5.672583220212571e-6,0
167,2.766983360339082e-7,0
168,2.7847683112303745e-7,0
169,3.356907744293134e-6,0
170,7.786991181682303e-6,0
171,5.614191516126765e-5,0
172,0.8482568587211347,1
173,0.9998148367293285,1
174,0.9994404870230195,1
175,0.9998032448923008,1
176,0.9999986240847004,1
177,0.9999999537957563,1
178,0.10429965546209877,0
179,1.631624463376419e-4,0
180,8.823803062644299e-9,0
181,2.2204460492503126e-16,0
182,2.2204460492503126e-16,0
183,2.2204460492503126e-16,0
184,2.2204460492503126e-16,0
185,2.2204460492503126e-16,0
186,2.2204460492503126e-16,0
187,2.1387773458263576e-5,0
188,1.7219481969358452e-5,0
189,4.119167738333896e-5,0
190,1.3160105832984414e-5,0
191,3.011565882218687e-6,0
192,7.94346594763895e-6,0
193,8.147547823392641e-4,0
194,9.9204330263406e-4,0
195,3.949619303996731e-4,0
196,0.0013992257254859235,0
197,7.989743586262613e-5,0
198,1.2856705911587076e-7,0
199,4.705733424579698e-7,0
200,1.2713510133906074e-4,0
201,0.0034382835980562025,0
202,0.00949612957028732,0
203,0.0066941464492556915,0
204,1.4601006374793024e-4,0
205,5.123347834391215e-6,0
206,9.587424230541101e-9,0
207,2.6107790741856467e-10,0
208,5.284645693908386e-12,0
209,2.2204460492503126e-16,0
210,2.2204460492503126e-16,0
211,2.2204460492503126e-16,0
212,2.2204460492503126e-16,0
213,2.2204460492503126e-16,0
214,2.2204460492503126e-16,0
215,2.2204460492503126e-16,0
216,2.2204460492503126e-16,0
217,2.2204460492503126e-16,0
218,2.2204460492503126e-16,0
219,1.9335333418168578e-12,0
220,4.79035875657547e-10,0
221,0.999999999830167,1
222,0.0026852385241789845,0
223,1.0182168387761146e-6,0
224,1.0824197714036246e-5,0
225,0.9996143192330583,1
226,7.795077669850228e-5,0
227,2.9720175714702127e-5,0
228,1.321760841894481e-5,0
229,2.7165979813869502e-6,0
230,1.5469965097336312e-6,0
231,0.02565670183810455,0
232,0.999996548338947,1
233,0.99999795472515,1
234,0.8680862349356699,1
235,4.8927435504785013e-5,0
236,2.4563265440895303e-5,0
237,9.300849342076936e-5,0
238,5.676942296754742e-5,0
239,0.003280121779717601,0
240,0.9997672636090061,1
241,3.5178209198868834e-5,0
242,8.140053293203127e-8,0
243,9.206700959954773e-12,0
244,4.079035864159655e-13,0
245,2.2204460492503126e-16,0
246,2.2204460492503126e-16,0
247,2.2204460492503126e-16,0
248,2.2204460492503126e-16,0
249,0.021233865960099935,0
250,0.011508796901778088,0
251,0.0028310029563132595,0
252,2.156770630266131e-4,0
253,0.008633251879279909,0
254,0.0027175543112944863,0
255,0.037243390598726674,0
256,0.06099972346125654,0
257,0.0010483481294628005,0
258,0.0022097482142111944,0
259,5.534438890878872e-7,0
260,3.811265381069308e-8,0
261,4.337678139548482e-7,0
262,2.0653970598070666e-5,0
263,5.206060487737714e-4,0
264,0.0015612252574386896,0
265,5.910186104692058e-4,0
266,1.4054989997518078e-5,0
267,1.7091402765318794e-4,0
268,1.1204156139433714e-8,0
269,4.3717872335572323e-10,0
270,7.529938915273526e-12,0
271,2.2204460492503126e-16,0
272,2.2204460492503126e-16,0
273,1.831868248816813e-13,0
274,2.2204460492503126e-16,0
275,2.2204460492503126e-16,0
276,2.2204460492503126e-16,0
277,2.2204460492503126e-16,0
278,2.2204460492503126e-16,0
279,1.124532730552209e-12,0
280,2.2204460492503126e-16,0
281,1.3216761940715672e-12,0
282,0.061017182969759685,0
283,0.9999894557727468,1
284,2.1241978917523925e-8,0
285,1.828495622193752e-7,0
286,7.692165334856563e-7,0
287,0.4615028426166483,0
288,0.9996851421033143,1
289,0.9999976873522506,1
290,0.9999777378794218,1
291,0.9999674539594913,1
292,0.9999555581520176,1
293,0.9630796249949019,1
294,2.2828825632328616e-4,0
295,7.248896799644648e-6,0
296,1.5786979930212917e-5,0
297,4.488935777039728e-6,0
298,3.026819317319067e-5,0
299,7.261477374825014e-5,0
300,1.4455130072855505e-6,0
301,1.2833027829330193e-7,0
302,0.005670569359155665,0
303,0.35773083734140904,0
304,2.9897603473127103e-07,0
305,2.3505715076415286e-9,0
306,1.79451652381305e-13,0
307,2.2204460492503126e-16,0
308,2.2204460492503126e-16,0
309,2.2204460492503126e-16,0
310,2.2204460492503126e-16,0
311,0.001440641168736954,0
312,0.003536698085566713,0
313,0.004464990078232935,0
314,1.0475051408754646e-5,0
315,0.07426130131945158,0
316,8.286440054264454e-8,0
317,1.6665665216385998e-6,0
318,3.307325469834519e-6,0
319,5.276473493049437e-6,0
320,7.369035419937965e-5,0
321,1.9867312975165684e-7,0
322,1.0699698050683065e-8,0
323,4.0230438627720394e-7,0
324,7.782013520680822e-6,0
325,5.644226074206603e-5,0
326,1.688262671351453e-4,0
327,1.141974867394788e-4,0
328,1.872571145018128e-5,0
329,1.9407436766589558e-4,0
330,3.166699061815914e-9,0
331,9.486627969248965e-11,0
332,8.309273611549975e-12,0
333,3.548603525271439e-13,0
334,3.747784134880561e-13,0
335,2.160269393724984e-10,0
336,1.640725121952246e-11,0
337,4.256922262855268e-13,0
338,2.8715467784526954e-13,0
339,2.909908322650066e-13,0
340,1.4611373123358798e-11,0
341,8.537585244322735e-12,0
342,6.407252845043604e-12,0
343,1.0514890536180993e-11,0
344,0.9999990430497561,1
345,5.739874950193611e-9,0
346,2.4444382150965873e-9,0
347,2.859228132315427e-9,0
348,1.9564200579161775e-8,0
349,8.622413928564494e-7,0
350,0.8929991152273796,1
351,0.9999999999999998,1
352,0.9999999999999998,1
353,0.9999999985716258,1
354,0.07950204565155541,0
355,6.219057687311221e-5,0
356,8.135196777990083e-6,0
357,1.644549039891171e-6,0
358,7.0799920194301e-7,0
359,5.874838934683895e-7,0
360,7.639896311009979e-7,0
361,8.643984382556591e-7,0
362,4.786588286660577e-8,0
363,5.315269924215859e-10,0
364,4.838613595351008e-9,0
365,3.034796571145741e-8,0
366,7.04730769592007e-6,0
367,5.7085049334298973e-8,0
368,8.440379292983312e-12,0
369,2.2204460492503126e-16,0
370,2.2204460492503126e-16,0
371,2.2204460492503126e-16,0
372,2.2204460492503126e-16,0
373,9.801604075167908e-4,0
374,0.0054002206259228585,0
375,0.007431888773438048,0
376,1.6526118680489777e-5,0
377,0.2595339835587862,0
378,2.3359705394089858e-8,0
379,1.9295938752015494e-8,0
380,3.6384112105514874e-8,0
381,6.554931967998257e-9,0
382,2.885624946231603e-9,0
383,1.336268562425679e-9,0
384,3.32719404129547e-9,0
385,3.647977725687118e-8,0
386,1.6292537435439048e-7,0
387,6.122633707916275e-7,0
388,2.138878635605223e-6,0
389,1.2609056202625035e-6,0
390,3.458246215116886e-6,0
391,1.2496278867678694e-4,0
392,1.0662498567136907e-9,0
393,1.3228513192600427e-11,0
394,1.2010674915613985e-12,0
395,6.288213013584157e-11,0
396,1.145976748543364e-11,0
397,2.5849642828978463e-9,0
398,1.8349527882470967e-9,0
399,1.8788462736140673e-11,0
400,2.129732831606462e-12,0
401,2.9941151852573216e-11,0
402,2.1069398583663026e-10,0
403,4.5254699760837455e-11,0
404,1.1159391198913637e-10,0
405,1.1595609659464016e-10,0
406,0.9996689907011367,1
407,2.309918345101242e-11,0
408,5.308959170798497e-10,0
409,4.7268099490916e-9,0
410,2.156722421734645e-8,0
411,0.9983320945280496,1
412,0.9999958982533209,1
413,4.24522173255572e-6,0
414,7.222231335456372e-5,0
415,0.2636404279452977,0
416,0.9993447323836784,1
417,5.680805239003897e-7,0
418,4.759765545349845e-8,0
419,1.3578606745775736e-8,0
420,1.63592029421164e-8,0
421,3.215406430606238e-6,0
422,6.055144774413971e-7,0
423,1.5023295466329052e-7,0
424,1.347364099979015e-8,0
425,2.5374646375050605e-10,0
426,1.1200530190715347e-12,0
427,7.223913542814424e-11,0
428,5.6984029663355094e-11,0
429,7.505394393912345e-10,0
430,1.430030109272249e-10,0
431,2.2204460492503126e-16,0
432,2.2204460492503126e-16,0
433,2.2204460492503126e-16,0
434,2.2204460492503126e-16,0
435,3.735906434123386e-4,0
436,0.005384503670421176,0
437,0.0025185784036965762,0
438,2.1355995800057628e-5,0
439,0.02418807605197597,0
440,1.575023353048628e-8,0
441,9.615792217245962e-10,0
442,4.623707110942004e-9,0
443,7.325600254902635e-10,0
444,6.658243563348402e-10,0
445,8.71839114911102e-10,0
446,5.780725628828677e-10,0
447,2.2543147307600785e-9,0
448,3.044543042819481e-8,0
449,2.4647394838164614e-7,0
450,9.23055019509023e-7,0
451,4.590371697704074e-7,0
452,1.436352219510293e-7,0
453,6.855568052100996e-5,0
454,3.3458064285408455e-10,0
455,7.8428768531909e-12,0
456,7.123552483103457e-10,0
457,1.1273812453699412e-10,0
458,3.2784334503721133e-10,0
459,1.3904655615543259e-9,0
460,9.901872204085327e-6,0
461,8.430684004557625e-10,0
462,1.3215486588949517e-10,0
463,1.9285579687056663e-8,0
464,1.6548770143687235e-9,0
465,2.0372556640267278e-9,0
466,1.586111980702803e-7,0
467,4.141205856905632e-10,0
468,0.9999913552933999,1
469,3.3336152564928296e-10,0
470,5.486404404144723e-9,0
471,8.10658000483904e-8,0
472,5.571052186257265e-7,0
473,0.9999999992435189,1
474,1.5224069618280062e-6,0
475,4.838123519553527e-7,0
476,1.8380436770740916e-6,0
477,3.485911978823474e-7,0
478,0.8526710442744757,1
479,0.016191672835183867,0
480,3.146423286749455e-9,0
481,9.885882822826323e-8,0
482,5.456126184736365e-7,0
483,2.6328860721038578e-6,0
484,2.015531034551229e-5,0
485,5.465852275250163e-7,0
486,7.779573309057956e-8,0
487,4.977835497360532e-9,0
488,7.917940372814703e-12,0
489,1.2939409325466137e-11,0
490,1.2121504555633746e-12,0
491,2.2204460492503126e-16,0
492,2.2204460492503126e-16,0
493,2.2204460492503126e-16,0
494,2.2204460492503126e-16,0
495,2.2204460492503126e-16,0
496,2.2204460492503126e-16,0
497,3.725544937895917e-4,0
498,0.015517846047200221,0
499,0.016482735176118413,0
500,0.5076312115189656,1
501,5.744796984751782e-4,0
502,2.193410690332488e-6,0
503,2.195970790008358e-7,0
504,1.5034528839725388e-4,0
505,4.847888004649567e-8,0
506,5.677058226793883e-8,0
507,3.6004330613769274e-7,0
508,3.638198254969719e-7,0
509,1.3427927791533583e-8,0
510,7.489425377942711e-7,0
511,1.155944787308931e-5,0
512,3.397588898292288e-5,0
513,2.3993621069474372e-5,0
514,0.07374505207144784,0
515,1.636268562478456e-7,0
516,5.68596019584401e-10,0
517,1.6173982565897e-11,0
518,6.882654647946303e-9,0
519,1.2220438448611285e-9,0
520,3.430987448290139e-8,0
521,8.291928208011672e-8,0
522,6.469537425594787e-4,0
523,5.0638710682944184e-8,0
524,4.1357683898067023e-7,0
525,6.9730056813764975e-9,0
526,7.314601783881439e-8,0
527,7.537428141611172e-8,0
528,1.4163052909832128e-6,0
529,1.6586235545529984e-8,0
530,0.9999997299109387,1
531,1.8837534739503567e-9,0
532,8.659425129357098e-8,0
533,1.3105404667065138e-6,0
534,0.999966382567729,1
535,0.9999999999999998,1
536,1.2862951498344573e-4,0
537,3.333534889588758e-6,0
538,2.830330124528571e-7,0
539,8.91424171359339e-9,0
540,2.5938054436756347e-9,0
541,0.9666533338166645,1
542,2.1621204589779077e-4,0
543,3.1973157684162607e-6,0
544,8.812323426094417e-6,0
545,2.367069448441926e-6,0
546,1.625682800704798e-6,0
547,3.0264570697648456e-4,0
548,1.5162542209140644e-4,0
549,1.9810282118395844e-8,0
550,1.2091526111304934e-9,0
551,4.084143594723453e-12,0
552,3.4375446671650564e-13,0
553,1.7145392388953647e-13,0
554,2.2204460492503126e-16,0
555,2.2204460492503126e-16,0
556,2.2204460492503126e-16,0
557,2.2204460492503126e-16,0
558,2.2204460492503126e-16,0
559,4.1508330047625185e-4,0
560,0.0015270610329785994,0
561,0.034597648685351916,0
562,0.9999343085624326,1
563,2.6341573408933957e-6,0
564,2.3532571973544744e-6,0
565,0.9700554382767969,1
566,1.9209530260378728e-4,0
567,0.0647310675007223,0
568,0.003458276542443651,0
569,1.2849727996352408e-4,0
570,1.7746782814215713e-6,0
571,1.7601551050167232e-6,0
572,3.0361250145232655e-6,0
573,3.5295126633908634e-5,0
574,4.4640129507638116e-4,0
575,0.6693194922333466,1
576,1.8782287130578927e-4,0
577,6.118808688343948e-8,0
578,5.237448491232891e-9,0
579,8.24120208218867e-11,0
580,7.89906752451614e-9,0
581,1.1466742780786873e-5,0
582,5.817597345589434e-7,0
583,1.4311127723270573e-5,0
584,0.0790669074838227,0
585,4.2446518606003776e-5,0
586,6.688404140866203e-7,0
587,2.364956778893572e-7,0
588,4.2707806996173865e-6,0
589,0.043543692709141754,0
590,1.0947737798470646e-5,0
591,3.77832461014212e-7,0
592,0.9999999945619941,1
593,7.611752570027868e-9,0
594,0.9946787617225867,1
595,0.9999999999999998,1
596,0.9999999999999998,1
597,0.9999999925409209,1
598,0.999999983122578,1
599,0.9999058726191797,1
600,0.0963802486606991,0
601,1.623786686990708e-7,0
602,4.450051326690958e-10,0
603,9.782298021451616e-10,0
604,0.9998392542958505,1
605,0.9560523708085543,1
606,8.936044598205373e-4,0
607,7.966539731400756e-5,0
608,2.7291270628601623e-6,0
609,0.0048601988488778,0
610,2.4995130323640825e-4,0
611,2.890458095839823e-7,0
612,3.3371493723342213e-10,0
613,3.051371899686164e-11,0
614,2.2204460492503126e-16,0
615,2.2204460492503126e-16,0
616,2.2204460492503126e-16,0
617,2.2204460492503126e-16,0
618,2.2204460492503126e-16,0
619,2.2204460492503126e-16,0
620,2.2204460492503126e-16,0
621,8.703813415549261e-4,0
622,8.659459603278388e-4,0
623,0.00778774098658148,0
624,0.9998905571588379,1
625,2.9927635368643223e-5,0
626,3.169879430728949e-5,0
627,0.9770345548280286,1
628,1.6486294910151138e-4,0
629,5.065074728665618e-4,0
630,0.0015303995874195234,0
631,6.607816841700268e-4,0
632,7.989958489798247e-6,0
633,4.1400687213683496e-7,0
634,3.187287066185654e-7,0
635,1.4954286760994424e-5,0
636,2.7212637304980137e-4,0
637,8.954203025024674e-5,0
638,0.08864319053704336,0
639,3.008825302163647e-8,0
640,5.732699133351817e-9,0
641,2.4330049076738433e-10,0
642,5.665737626766611e-9,0
643,2.4701496867698216e-5,0
644,3.3200511410210576e-4,0
645,2.1092877161639397e-4,0
646,0.998932686154169,1
647,3.73278381700929e-5,0
648,2.456160133296708e-7,0
649,1.326947806699834e-6,0
650,3.6218625969160835e-5,0
651,0.27946730034448525,0
652,4.173446413649044e-5,0
653,0.9939182647336045,1
654,0.9999999999999998,1
655,0.9999999999999998,1
656,0.9999999999999998,1
657,0.9999999995258048,1
658,0.9984473241110088,1
659,2.8030010389944713e-4,0
660,6.284521221001472e-5,0
661,2.6844997456980404e-6,0
662,0.03110981979368616,0
663,0.9967316499629496,1
664,0.9955653042884061,1
665,1.0701997278080383e-7,0
666,5.131237943062205e-7,0
667,0.9990891955081462,1
668,0.9988541330984253,1
669,0.991382012035498,1
670,0.0172842533608581,0
671,0.1597783111709325,0
672,0.0031718583233576606,0
673,2.6527631366338478e-5,0
674,6.473843011056611e-9,0
675,7.780681581903445e-11,0
676,8.300435486224223e-13,0
677,2.2204460492503126e-16,0
678,2.2204460492503126e-16,0
679,2.2204460492503126e-16,0
680,2.2204460492503126e-16,0
681,2.2204460492503126e-16,0
682,2.2204460492503126e-16,0
683,0.00103720820746044,0
684,5.477066254477441e-4,0
685,0.005984207800414607,0
686,0.9999766488121169,1
687,9.368750365080181e-4,0
688,5.815122165584037e-4,0
689,0.996724025580425,1
690,0.002930093174704013,0
691,0.2003995405710109,0
692,0.05255678177166907,0
693,0.007830748541784173,0
694,1.031138567929076e-4,0
695,2.098801417551015e-6,0
696,4.627538728588751e-7,0
697,7.465569655865312e-6,0
698,4.595715644797683e-5,0
699,2.7932638525942593e-5,0
700,0.7966254697469622,1
701,2.0607845235400007e-4,0
702,2.754487817154842e-8,0
703,3.41611855767137e-9,0
704,2.8107561712490318e-8,0
705,8.467970269398611e-7,0
706,0.0016428363656201862,0
707,0.999997328285537,1
708,0.7003330472551388,1
709,2.4847553962868064e-5,0
710,4.3144884345389044e-7,0
711,4.871716932516205e-6,0
712,2.448225064131049e-4,0
713,0.9999999999999998,1
714,0.9999999999999998,1
715,0.9999999998787835,1
716,0.9999999999999998,1
717,0.9999999999999998,1
718,0.01632586445303709,0
719,0.9999954383871704,1
720,0.0037123692524453937,0
721,2.710654705096536e-4,0
722,9.362351654570697e-6,0
723,7.630065977148912e-6,0
724,5.591109190082077e-6,0
725,1.168360420200812e-5,0
726,3.267445992367695e-4,0
727,0.5915530551023908,1
728,2.5034615585626903e-6,0
729,2.4660509610483798e-5,0
730,0.004480931173762337,0
731,0.010955621693632763,0
732,0.9999825910794689,1
733,0.9999999206083278,1
734,0.9999998185691461,1
735,0.003791823499139103,0
736,8.678792611627462e-7,0
737,5.136396151632473e-10,0
738,5.192161118011904e-13,0
739,3.096254334132047e-13,0
740,2.2204460492503126e-16,0
741,2.2204460492503126e-16,0
742,2.2204460492503126e-16,0
743,2.2204460492503126e-16,0
744,2.2204460492503126e-16,0
745,2.4889198415698464e-4,0
746,3.386992167851346e-4,0
747,0.7075120608051253,1
748,0.9999999999998477,1
749,0.0011863401736709775,0
750,0.0013906906950530882,0
751,0.9990211695401019,1
752,0.007574746821373142,0
753,0.0019192222873298346,0
754,0.0017564469236295642,0
755,0.0045191326587377175,0
756,2.3552749365553274e-4,0
757,3.358579571182531e-6,0
758,1.4241278171202333e-7,0
759,8.086180702039332e-7,0
760,2.452514354286032e-6,0
761,8.199360819180871e-7,0
762,3.972407549397454e-7,0
763,0.20898481805738664,0
764,3.4957135964311377e-6,0
765,6.057051315222773e-7,0
766,3.816415233971166e-7,0
767,4.7822420932899875e-6,0
768,1.9745647349489218e-4,0
769,0.999999972358622,1
770,0.0015515912302292453,0
771,3.0066884577056482e-6,0
772,3.0517302211701043e-7,0
773,7.727357587510428e-6,0
774,6.67193966104741e-4,0
775,0.9999999999999998,1
776,6.413293613536703e-5,0
777,0.9999999999999998,1
778,0.9999999999999998,1
779,0.999002205758995,1
780,1.2584807274964729e-6,0
781,3.8882540202873446e-5,0
782,0.23295698618599,0
783,1.956277935572694e-6,0
784,7.238139388397811e-7,0
785,1.7095764625929038e-5,0
786,3.727646337091422e-5,0
787,1.8234104940750788e-4,0
788,8.650084274361795e-5,0
789,0.05967925087721645,0
790,0.03719163685477703,0
791,3.932582034012859e-6,0
792,4.482414862494437e-5,0
793,0.0015498793971160559,0
794,8.357809023710748e-4,0
795,0.016920362245226514,0
796,0.011165042091028324,0
797,0.9996717417789815,1
798,1.1466654590303255e-4,0
799,3.6989388109480163e-9,0
800,1.169633580377768e-11,0
801,2.2204460492503126e-16,0
802,2.2204460492503126e-16,0
803,2.2204460492503126e-16,0
804,2.2204460492503126e-16,0
805,2.2204460492503126e-16,0
806,2.2204460492503126e-16,0
807,8.287103671762463e-4,0
808,0.04222390317024991,0
809,0.9999999999999998,1
810,0.9804336144807716,1
811,0.9999999999645548,1
812,0.9999988615368761,1
813,0.9999999542216218,1
814,0.017465800202992154,0
815,0.0010847600629640107,0
816,3.428699623362661e-4,0
817,5.143033491055376e-4,0
818,5.890350658732313e-5,0
819,2.3799797857768198e-6,0
820,3.9857870140575785e-6,0
821,1.0777858006547155e-5,0
822,3.4291736898156143e-05,0
823,5.61739625757456e-6,0
824,1.650398564797951e-6,0
825,0.003010551169395559,0
826,0.9967049792900453,1
827,0.998000979637868,1
828,0.999688854301357,1
829,0.8793289172336299,1
830,0.9996033515585808,1
831,0.939238464867302,1
832,0.0010855759701386867,0
833,1.1983549974535226e-6,0
834,2.573520573974456e-6,0
835,6.419883768769502e-5,0
836,0.9999999300702638,1
837,0.9999997172565407,1
838,0.9999999999999998,1
839,0.9999999999999998,1
840,9.581672269326069e-9,0
841,2.855499146882897e-4,0
842,0.651287736220252,1
843,5.4017373189105396e-8,0
844,6.80323140028831e-5,0
845,1.7277854615581958e-4,0
846,3.105812822477906e-7,0
847,4.749651113793809e-6,0
848,2.4957103653659246e-5,0
849,0.001286846027062858,0
850,1.3075528462990206e-4,0
851,3.5908390771255055e-6,0
852,0.7543469844114659,1
853,3.415414188405077e-4,0
854,0.01190610867481559,0
855,0.2941065097878367,0
856,6.79196372790146e-4,0
857,2.072141218416312e-5,0
858,8.922673999116627e-6,0
859,2.3089564385317662e-7,0
860,0.15610426102428968,0
861,8.188291180784722e-6,0
862,4.5932999797665e-13,0
863,9.899549043198976e-14,0
864,2.2204460492503126e-16,0
865,2.2204460492503126e-16,0
866,2.2204460492503126e-16,0
867,2.2204460492503126e-16,0
868,2.2204460492503126e-16,0
869,0.0029245940984394298,0
870,0.9999983651688927,1
871,0.9999999718270817,1
872,0.004307819935868002,0
873,0.002148860280291286,0
874,3.7029898178330583e-4,0
875,8.227526882353547e-4,0
876,0.02172349237641176,0
877,0.050602147187122644,0
878,0.0013114977891971911,0
879,6.273260938733739e-4,0
880,1.665956163226526e-5,0
881,5.661817927570532e-6,0
882,1.7094317263034297e-4,0
883,5.635993843181564e-4,0
884,0.003205310069890023,0
885,2.7930717693735394e-4,0
886,2.480791477725534e-4,0
887,0.0025212284786475646,0
888,0.0015047966686438155,0
889,0.0014117208049206449,0
890,1.504704528710893e-4,0
891,0.9999999999987359,1
892,0.9999999828253479,1
893,0.006456864042724204,0
894,2.9265803772358243e-5,0
895,3.646196224955628e-6,0
896,4.0069517507076194e-4,0
897,0.0010812298850625228,0
898,0.999999999951418,1
899,0.9999999999999998,1
900,0.9999999999999998,1
901,2.322432530623974e-7,0
902,7.1858995159118704e-9,0
903,1.3280511265139638e-10,0
904,0.9982480908523971,1
905,6.133068814301664e-11,0
906,4.324431414666571e-10,0
907,7.677691399083486e-9,0
908,1.0422245818085295e-4,0
909,1.0704004397637358e-5,0
910,1.527535384771995e-5,0
911,2.375970927524086e-5,0
912,4.055617284642179e-5,0
913,1.0955280384812155e-4,0
914,8.400247695156372e-6,0
915,0.9997390455041127,1
916,0.02241464302285465,0
917,0.25053356016214845,0
918,1.5177440087666563e-4,0
919,8.808172795493446e-8,0
920,1.9882387129888347e-8,0
921,3.8791288051114495e-7,0
922,3.166325550252143e-9,0
923,7.586276755918288e-6,0
924,4.91752624530895e-9,0
925,8.237018155404635e-11,0
926,2.2204460492503126e-16,0
927,2.2204460492503126e-16,0
928,2.2204460492503126e-16,0
929,2.2204460492503126e-16,0
930,2.2204460492503126e-16,0
931,0.9999999999999998,1
932,0.9999999999996271,1
933,4.682713906556562e-4,0
934,5.822922816696661e-4,0
935,0.0013489877557701108,0
936,3.270228204961327e-4,0
937,6.573226091005407e-4,0
938,3.174216168308028e-4,0
939,0.00453620636549712,0
940,0.011201784365505316,0
941,6.275745169384642e-5,0
942,1.955423071975558e-6,0
943,8.314969771741432e-5,0
944,7.208226087718237e-4,0
945,0.007151678556878068,0
946,0.006167338879971721,0
947,1.7625206127233335e-4,0
948,5.228279865036634e-4,0
949,0.002247655303146494,0
950,0.00653823272756147,0
951,0.001549990074386005,0
952,0.9999999999938124,1
953,0.9999998592974608,1
954,3.321937927356752e-5,0
955,3.5962570487306045e-4,0
956,2.1807744932287858e-6,0
957,6.153830418741487e-6,0
958,2.1304578651582732e-4,0
959,0.002765560862308868,0
960,0.9999999999999998,1
961,0.9999999999999998,1
962,6.999658321511844e-6,0
963,1.558124514873032e-7,0
964,3.678872385153318e-9,0
965,4.3342380639613324e-11,0
966,0.9989407045553855,1
967,4.0290207243360906e-8,0
968,1.5445727344869438e-10,0
969,6.722289347371751e-10,0
970,9.961834334827436e-8,0
971,1.3668865078936176e-4,0
972,0.0025850066728367095,0
973,1.4028771170911214e-4,0
974,5.296895971987625e-4,0
975,9.411789359366261e-5,0
976,3.7663003004526736e-4,0
977,0.363856310319261,0
978,0.9997675647634421,1
979,0.20134512615190928,0
980,7.813597963478769e-5,0
981,4.5825559919456625e-8,0
982,1.5733200871136359e-9,0
983,1.2296793343553775e-8,0
984,5.1835401790675523e-8,0
985,1.1638572654060868e-10,0
986,1.445824377997568e-13,0
987,2.2204460492503126e-16,0
988,2.2204460492503126e-16,0
989,2.2204460492503126e-16,0
990,2.2204460492503126e-16,0
991,2.2204460492503126e-16,0
992,2.2204460492503126e-16,0
993,0.05124671594097411,0
994,0.0011426682751971113,0
995,0.01652009167222843,0
996,4.1027484751775646e-4,0
997,3.556266432775256e-4,0
998,0.00105988269274984,0
999,0.02090157505466626,0
1000,0.0010177387160003534,0
1001,1.794243604482183e-4,0
1002,5.338381048491237e-4,0
1003,1.5555872283037125e-4,0
1004,4.110503722256069e-6,0
1005,1.4678685846828678e-5,0
1006,2.1469394126250448e-4,0
1007,1.3942137408729888e-4,0
1008,7.436673849620538e-4,0
1009,0.0033630802919029728,0
1010,0.009998912533438646,0
1011,0.006129592595668413,0
1012,0.01436661899601375,0
1013,0.004615194603449492,0
1014,0.9999999999999998,1
1015,4.1557619379918335e-5,0
1016,4.4027659240987785e-6,0
1017,1.930557415272547e-5,0
1018,1.7093077825224107e-6,0
1019,2.925321955749005e-5,0
1020,2.7563735865293506e-4,0
1021,0.9999999999999998,1
1022,0.9999999999999998,1
1023,8.923833992385789e-5,0
1024,1.4971873226043648e-6,0
1025,1.6663546127976698e-7,0
1026,1.4029669767022023e-9,0
1027,2.5764068030366624e-11,0
1028,1.7143862698063973e-10,0
1029,0.9999940407233234,1
1030,1.6176486753744354e-9,0
1031,1.1375794363083807e-8,0
1032,2.500450012245721e-7,0
1033,3.298432122932484e-6,0
1034,1.4564981816749783e-5,0
1035,0.012328597079672555,0
1036,0.013714493640295559,0
1037,0.0017003003106014142,0
1038,0.0026136351245165377,0
1039,0.0033030127542297396,0
1040,0.9999171072479799,1
1041,0.9999995949743937,1
1042,0.40501350243313,0
1043,5.9399787279743776e-5,0
1044,4.275732112546026e-8,0
1045,2.8932519860759203e-10,0
1046,7.238811730054427e-10,0
1047,4.921843867612203e-10,0
1048,1.725736641847498e-13,0
1049,2.2204460492503126e-16,0
1050,2.2204460492503126e-16,0
1051,2.2204460492503126e-16,0
1052,2.2204460492503126e-16,0
1053,2.2204460492503126e-16,0
1054,2.2204460492503126e-16,0
1055,0.03947158606983012,0
1056,0.17357283994872894,0
1057,8.448181493038666e-4,0
1058,2.1534938227654253e-5,0
1059,3.3152693384321484e-6,0
1060,6.160794471856687e-5,0
1061,8.650646451004736e-4,0
1062,2.1440710151732068e-4,0
1063,1.004065930552662e-5,0
1064,4.515161532244805e-6,0
1065,4.814859026549776e-6,0
1066,6.7275650319409685e-6,0
1067,1.1946301122664238e-6,0
1068,1.1894999834472713e-5,0
1069,1.1118311604363822e-4,0
1070,0.004147798230811919,0
1071,0.02393734789845883,0
1072,0.0023605591571062416,0
1073,5.53097608529349e-4,0
1074,0.007096263204735651,0
1075,8.519958796143921e-4,0
1076,0.9999999999999998,1
1077,2.094449854758065e-6,0
1078,1.561405794560267e-7,0
1079,7.019418747069958e-6,0
1080,3.2786604177415053e-6,0
1081,2.3240519878384337e-4,0
1082,0.9999999999999998,1
1083,0.9999999999999998,1
1084,1.2101657330298131e-4,0
1085,1.6830701941069956e-5,0
1086,1.499610944257822e-6,0
1087,3.767338131026846e-8,0
1088,7.771513108349743e-10,0
1089,1.6607592819872765e-10,0
1090,1.029783939268576e-9,0
1091,0.9999999480947684,1
1092,4.936236085220781e-8,0
1093,3.8738066178405465e-7,0
1094,2.933167168275268e-6,0
1095,1.6640515418808985e-5,0
1096,0.0028881389925542226,0
1097,0.0013134759053233932,0
1098,7.364911231400716e-5,0
1099,0.21152413379211,0
1100,0.0046712781510406445,0
1101,4.099396193769349e-5,0
1102,0.021865792074987782,0
1103,0.9470268760348856,1
1104,0.9999998237237582,1
1105,0.9948754517958016,1
1106,1.0079769974398762e-4,0
1107,5.640214207858505e-7,0
1108,1.1773910220403124e-11,0
1109,2.7559028999552403e-11,0
1110,6.742225447785576e-13,0
1111,2.2204460492503126e-16,0
1112,2.2204460492503126e-16,0
1113,2.2204460492503126e-16,0
1114,2.2204460492503126e-16,0
1115,2.2204460492503126e-16,0
1116,2.2204460492503126e-16,0
1117,1.5124097563438897e-4,0
1118,6.885108099695219e-4,0
1119,6.96737537315e-5,0
1120,7.866841419514957e-6,0
1121,1.5460288473238882e-5,0
1122,1.2701778548314198e-4,0
1123,2.6721086956896406e-5,0
1124,1.6830112922429877e-5,0
1125,2.779339767654655e-6,0
1126,5.9922910756238573e-5,0
1127,7.845953011644539e-4,0
1128,0.0019604480801397204,0
1129,7.269936087177653e-5,0
1130,1.2543479538880425e-4,0
1131,8.753120520432473e-4,0
1132,0.01039750403307617,0
1133,0.49244332214848496,0
1134,5.374287547173067e-4,0
1135,8.929612916927595e-5,0
1136,2.7551017524721254e-4,0
1137,4.93890816933886e-4,0
1138,0.9999999999999998,1
1139,6.342080725860949e-8,0
1140,4.329201865007766e-9,0
1141,2.259349057378556e-6,0
1142,3.0592744663538167e-6,0
1143,1.2110883929790294e-4,0
1144,0.9999999999999998,1
1145,2.886647039953037e-4,0
1146,7.983015296832719e-6,0
1147,3.6063570443278466e-6,0
1148,4.7940986806478215e-8,0
1149,6.664855720971698e-8,0
1150,8.621396921782289e-10,0
1151,7.502416992694586e-10,0
1152,1.420716170635357e-7,0
1153,0.9999999995480146,1
1154,3.7149023497574187e-6,0
1155,1.0450532128140418e-5,0
1156,1.76954068290315e-5,0
1157,3.270133701932966e-4,0
1158,0.10331687289818284,0
1159,1.5191569467614704e-4,0
1160,5.063816890524298e-4,0
1161,2.0573155711074917e-4,0
1162,0.303658411769952,0
1163,1.3148883196173419e-5,0
1164,3.4966627307035604e-4,0
1165,0.010382339379597538,0
1166,8.445321333370629e-4,0
1167,0.8604861915922158,1
1168,0.6725763750214744,1
1169,4.855281329319127e-5,0
1170,3.8838944463603355e-10,0
1171,1.2116546857907728e-13,0
1172,2.2204460492503126e-16,0
1173,2.2204460492503126e-16,0
1174,2.2204460492503126e-16,0
1175,2.2204460492503126e-16,0
1176,2.2204460492503126e-16,0
1177,2.2204460492503126e-16,0
1178,2.2204460492503126e-16,0
1179,2.5969560641501138e-5,0
1180,8.265282015524816e-6,0
1181,2.2474062709919335e-5,0
1182,6.501382515609881e-5,0
1183,6.889596636004523e-5,0
1184,5.293716282520397e-4,0
1185,3.967616516259012e-5,0
1186,5.208165550392878e-5,0
1187,1.5879408003061673e-5,0
1188,0.010185100272430489,0
1189,6.869527214879378e-4,0
1190,5.424060173296486e-4,0
1191,3.800866406093677e-5,0
1192,5.429480736375001e-4,0
1193,5.374405670646521e-4,0
1194,1.319323830772228e-4,0
1195,0.008469989896373818,0
1196,4.5733470166927796e-4,0
1197,1.718653074006223e-5,0
1198,4.333150733688876e-6,0
1199,1.163346755945964e-5,0
1200,0.9999999999997846,1
1201,1.937805996323948e-9,0
1202,8.493483725619706e-10,0
1203,1.506813650625972e-6,0
1204,1.6660612586408949e-6,0
1205,1.8422843718514e-5,0
1206,0.9999999999999998,1
1207,4.969894112940231e-4,0
1208,6.3340922813668605e-6,0
1209,3.414881909799365e-6,0
1210,6.352093132572275e-8,0
1211,1.857655428345094e-6,0
1212,1.0735533977914484e-9,0
1213,9.135792932817965e-7,0
1214,7.711608165489674e-7,0
1215,0.3138937008212381,0
1216,0.999999999461713,1
1217,2.186722946683195e-4,0
1218,1.2968734836026175e-4,0
1219,7.73947966408917e-5,0
1220,8.059989467299349e-4,0
1221,8.306241106210952e-4,0
1222,9.938452458589326e-5,0
1223,3.093220373289144e-6,0
1224,4.672288589545367e-4,0
1225,5.472349064959775e-5,0
1226,1.8359081782657257e-4,0
1227,9.945624994844405e-6,0
1228,1.895861883336893e-4,0
1229,1.4948396752736064e-6,0
1230,6.84540267675395e-5,0
1231,2.705972225734761e-4,0
1232,2.4215052916531023e-4,0
1233,1.804369228207054e-11,0
1234,2.2204460492503126e-16,0
1235,2.2204460492503126e-16,0
1236,2.2204460492503126e-16,0
1237,2.2204460492503126e-16,0
1238,2.2204460492503126e-16,0
1239,2.2204460492503126e-16,0
1240,2.2204460492503126e-16,0
1241,4.671859474862535e-6,0
1242,1.5628141133947272e-6,0
1243,5.848344021170681e-5,0
1244,0.0013157089768205997,0
1245,6.705587804945528e-4,0
1246,9.336771616940582e-4,0
1247,1.8421028281139933e-4,0
1248,8.870417328210077e-4,0
1249,1.743186683483977e-4,0
1250,0.005863745802906521,0
1251,7.473070923270876e-4,0
1252,2.363351527352414e-4,0
1253,0.004990439599971889,0
1254,0.2020787505143059,0
1255,0.10174067396603036,0
1256,0.02646098453718155,0
1257,0.06738679192779753,0
1258,9.614272435482823e-4,0
1259,3.2826843958815316e-5,0
1260,1.3893224016576184e-6,0
1261,4.1235325885860466e-7,0
1262,0.9999999999999998,1
1263,0.03253273161513771,0
1264,0.9999862795553707,1
1265,0.9999999962897003,1
1266,4.969395721611508e-7,0
1267,2.24403878966885e-4,0
1268,0.9999999999999998,1
1269,0.9999999999999998,1
1270,3.7973880378405674e-4,0
1271,2.0484275674391064e-6,0
1272,1.7792680554901125e-4,0
1273,3.966913591248505e-6,0
1274,5.945287124617761e-8,0
1275,4.110811858029969e-5,0
1276,8.874221996962581e-8,0
1277,2.8790110663298723e-6,0
1278,0.999999999883537,1
1279,0.8920553349206493,1
1280,0.005452288039465787,0
1281,7.408836769260817e-5,0
1282,1.1506813159861857e-5,0
1283,1.4502707423673945e-6,0
1284,4.465821508825687e-7,0
1285,4.667850968317453e-9,0
1286,4.987956696709206e-7,0
1287,1.7810941753834614e-7,0
1288,3.9071289895881346e-8,0
1289,3.632796118985887e-7,0
1290,3.303882635464308e-7,0
1291,3.6471015764151864e-7,0
1292,1.3653768737015728e-6,0
1293,4.114100147551271e-11,0
1294,2.4935513138808967e-11,0
1295,3.691921806836246e-8,0
1296,2.2204460492503126e-16,0
1297,2.2204460492503126e-16,0
1298,2.2204460492503126e-16,0
1299,2.2204460492503126e-16,0
1300,2.2204460492503126e-16,0
1301,2.2204460492503126e-16,0
1302,2.2204460492503126e-16,0
1303,6.972063105734646e-7,0
1304,3.164854773229885e-7,0
1305,1.4930926289143093e-5,0
1306,2.836793117259822e-4,0
1307,4.441006493744209e-5,0
1308,1.6660964295625374e-4,0
1309,3.9276478011910667e-4,0
1310,8.835495874577753e-5,0
1311,1.3121577958043632e-4,0
1312,0.06156519986669651,0
1313,0.029922804052133496,0
1314,0.4866665224439399,0
1315,0.049589962785180526,0
1316,0.0011452215215855244,0
1317,0.0015013965592734187,0
1318,2.45138400305592e-4,0
1319,4.645062572698307e-4,0
1320,8.772476930576133e-4,0
1321,4.9273077995966626e-5,0
1322,1.1277337969518474e-5,0
1323,7.039229154143474e-7,0
1324,7.016953540613763e-9,0
1325,0.9993769895801866,1
1326,0.9999999999999998,1
1327,0.9993686273716433,1
1328,0.9999999999999998,1
1329,3.655860573329234e-4,0
1330,0.9999999999999998,1
1331,2.6428073959493855e-4,0
1332,0.0032180094812728852,0
1333,8.690039770550072e-5,0
1334,0.016606494318685026,0
1335,9.012930933253461e-6,0
1336,3.1334793104767814e-4,0
1337,2.891171706690419e-4,0
1338,2.01332210982164e-6,0
1339,3.4015816821385966e-5,0
1340,4.4704668131559045e-6,0
1341,0.9999999999999998,1
1342,6.847721298262292e-4,0
1343,3.382573859390765e-5,0
1344,3.312134456831577e-6,0
1345,5.58383399688809e-7,0
1346,7.241288792069972e-9,0
1347,4.976801885051481e-10,0
1348,1.0540540197670564e-11,0
1349,1.0684283994819407e-8,0
1350,2.956244686551487e-8,0
1351,1.7697712592276775e-8,0
1352,3.4025211496601363e-10,0
1353,1.3051507815099096e-9,0
1354,6.843380613950352e-8,0
1355,9.560286958038311e-11,0
1356,3.0975675703853475e-12,0
1357,5.7291617492153756e-12,0
1358,9.175436513922028e-13,0
1359,2.2204460492503126e-16,0
1360,2.2204460492503126e-16,0
1361,2.2204460492503126e-16,0
1362,2.2204460492503126e-16,0
1363,2.2204460492503126e-16,0
1364,2.2204460492503126e-16,0
1365,4.979258522017644e-5,0
1366,1.3400778190639834e-5,0
1367,1.2030417256602868e-6,0
1368,4.524462614163599e-7,0
1369,1.5597213355529237e-6,0
1370,4.332063635378354e-5,0
1371,1.4423110595430212e-4,0
1372,5.21927134096097e-4,0
1373,0.001187929713240454,0
1374,0.9996186470258488,1
1375,0.2012823007529597,0
1376,0.0016876379065463689,0
1377,0.0016817063231477894,0
1378,0.0013049968633994887,0
1379,0.0015586086275557395,0
1380,0.0011461548577284544,0
1381,0.0011918300849622448,0
1382,0.0058770888304159425,0
1383,6.624754256367004e-4,0
1384,5.887510707318162e-5,0
1385,3.347574674010524e-6,0
1386,1.878752571916637e-8,0
1387,2.2717430614925173e-10,0
1388,0.9999999999989985,1
1389,3.998691701613424e-9,0
1390,0.9999999999999998,1
1391,0.0032676656345254963,0
1392,0.9999999999999998,1
1393,0.9999999999999998,1
1394,0.0030222333142867473,0
1395,0.4066743656703615,0
1396,7.643938272870221e-4,0
1397,0.005504052460346595,0
1398,0.0017456456444131156,0
1399,1.1725686273312238e-6,0
1400,1.4032481624596824e-8,0
1401,1.0395100702814918e-7,0
1402,3.1742539638354315e-5,0
1403,0.999999999991609,1
1404,0.924210780817687,1
1405,0.02937610196716686,0
1406,0.001116419756667361,0
1407,8.353317190892423e-5,0
1408,3.188094065049461e-7,0
1409,2.488448823110469e-9,0
1410,2.4710329591735762e-11,0
1411,2.0527468227244167e-12,0
1412,1.1455820102776812e-11,0
1413,4.1654860223219006e-12,0
1414,1.3955572019557706e-12,0
1415,2.2204460492503126e-16,0
1416,9.947809779899129e-13,0
1417,1.7381130504462267e-12,0
1418,2.2204460492503126e-16,0
1419,2.2204460492503126e-16,0
1420,2.2204460492503126e-16,0
1421,2.2204460492503126e-16,0
1422,2.2204460492503126e-16,0
1423,2.2204460492503126e-16,0
1424,2.2204460492503126e-16,0
1425,2.2204460492503126e-16,0
1426,2.2204460492503126e-16,0
1427,3.7308855411491133e-4,0
1428,5.319767582502371e-6,0
1429,7.772795999858329e-7,0
1430,7.942768955737239e-8,0
1431,1.8678779719236128e-7,0
1432,2.4554784830457254e-6,0
1433,4.661760527733789e-5,0
1434,0.006623885495451274,0
1435,0.999928566773403,1
1436,0.0024824833697819296,0
1437,0.00114007680076832,0
1438,0.0012051024915536058,0
1439,0.0015467228291243312,0
1440,0.0014736138427909,0
1441,0.0013093468475189783,0
1442,0.0017164636843051701,0
1443,9.653072141427901e-4,0
1444,0.00616138029548592,0
1445,0.0013252178612660431,0
1446,9.495537416834164e-5,0
1447,3.4947033653687024e-6,0
1448,2.489089190237417e-8,0
1449,3.3323475914707236e-10,0
1450,2.558998750349721e-10,0
1451,2.662028989100406e-8,0
1452,1.9635955543381353e-5,0
1453,0.9999999999999998,1
1454,0.9995277999349146,1
1455,0.9999999999999998,1
1456,0.003261970690449506,0
1457,0.7243651978349962,1
1458,4.914008220669269e-4,0
1459,0.3060292408267794,0
1460,0.0015986884375360083,0
1461,7.126029167875782e-9,0
1462,1.9839876568526042e-10,0
1463,1.0068108586888075e-9,0
1464,2.6117428827034603e-9,0
1465,2.512275360054734e-4,0
1466,0.9999999997454123,1
1467,0.9999999999913611,1
1468,0.9999999999941408,1
1469,0.9999951369663858,1
1470,3.833513390681375e-5,0
1471,1.0138399861115105e-7,0
1472,1.7500502896246566e-10,0
1473,3.839448699662283e-13,0
1474,2.2204460492503126e-16,0
1475,2.2204460492503126e-16,0
1476,2.2204460492503126e-16,0
1477,2.2204460492503126e-16,0
1478,2.2204460492503126e-16,0
1479,2.2204460492503126e-16,0
1480,2.2204460492503126e-16,0
1481,2.2204460492503126e-16,0
1482,2.2204460492503126e-16,0
1483,2.2204460492503126e-16,0
1484,2.2204460492503126e-16,0
1485,2.2204460492503126e-16,0
1486,2.2204460492503126e-16,0
1487,2.2204460492503126e-16,0
1488,2.2204460492503126e-16,0
1489,0.0011719932250069214,0
1490,5.153282672136965e-4,0
1491,4.738831617525178e-6,0
1492,1.176017545356149e-6,0
1493,2.466126329704315e-7,0
1494,4.1006031460542986e-6,0
1495,1.8358577003376917e-4,0
1496,0.9999404144790596,1
1497,0.001711834145882856,0
1498,0.0011272483929963026,0
1499,0.0012498302885091239,0
1500,0.0015691342885719864,0
1501,0.0023960356710221956,0
1502,0.005363338967405058,0
1503,0.0014933763245537478,0
1504,0.002108184887487586,0
1505,0.002148103919784529,0
1506,0.020183786835095377,0
1507,0.0023024201262951583,0
1508,7.615694567606775e-5,0
1509,4.2916032440126505e-6,0
1510,1.6735247977252226e-7,0
1511,4.209120551437105e-9,0
1512,1.5529051437270498e-9,0
1513,1.690846511454455e-7,0
1514,9.506876759442095e-6,0
1515,0.9999999999999998,1
1516,0.9999999999999998,1
1517,0.964942574922037,1
1518,0.999760002694912,1
1519,0.2744131185753743,0
1520,8.1592243289762e-4,0
1521,0.008044834590871505,0
1522,3.1430793074592916e-7,0
1523,2.165071098687489e-9,0
1524,4.664155373396903e-11,0
1525,3.233082288479317e-12,0
1526,2.5706401372560057e-12,0
1527,1.7929357698510878e-7,0
1528,8.25065672114116e-5,0
1529,0.0036305518126195195,0
1530,5.9925503737346716e-5,0
1531,0.941549030354702,1
1532,0.9999981219680659,1
1533,0.958419626513609,1
1534,1.2734045422347816e-9,0
1535,8.966932616329874e-12,0
1536,7.306197859065857e-13,0
1537,2.2204460492503126e-16,0
1538,2.2204460492503126e-16,0
1539,2.2204460492503126e-16,0
1540,2.2204460492503126e-16,0
1541,2.2204460492503126e-16,0
1542,2.2204460492503126e-16,0
1543,2.2204460492503126e-16,0
1544,2.2204460492503126e-16,0
1545,2.2204460492503126e-16,0
1546,2.2204460492503126e-16,0
1547,2.2204460492503126e-16,0
1548,2.2204460492503126e-16,0
1549,2.2204460492503126e-16,0
1550,2.2204460492503126e-16,0
1551,0.015726751079551043,0
1552,3.140425828613911e-4,0
1553,1.6542474384765904e-4,0
1554,2.502830180519492e-5,0
1555,5.211517831185159e-6,0
1556,1.4788404813037097e-5,0
1557,0.002734939342130907,0
1558,0.9996844487674813,1
1559,0.0013561816039443725,0
1560,0.001249407332638156,0
1561,0.0013179546271501628,0
1562,0.002859780605644849,0
1563,0.009115082478536722,0
1564,0.001251925863158516,0
1565,0.0018246880037287683,0
1566,0.005165466660116448,0
1567,8.151559242805763e-4,0
1568,0.045142156641580305,0
1569,0.002887592916254475,0
1570,0.001649421695180312,0
1571,6.286543132631944e-5,0
1572,7.720206060293467e-7,0
1573,2.182291116092321e-8,0
1574,3.2757178123401195e-9,0
1575,9.935495073651559e-8,0
1576,4.917685444905099e-5,0
1577,0.9999999999999998,1
1578,0.9999999999999998,1
1579,0.00601424495158563,0
1580,4.951236765620902e-4,0
1581,4.886076833421222e-4,0
1582,0.02783623161117862,0
1583,0.001576793720215224,0
1584,4.835658222514194e-10,0
1585,1.6698594533567738e-8,0
1586,1.2071719585273903e-9,0
1587,1.966912045046453e-11,0
1588,2.479133161283766e-13,0
1589,3.896014131566332e-12,0
1590,4.082827278343569e-7,0
1591,1.0192933512645153e-6,0
1592,8.931013237293936e-6,0
1593,3.4956232621529914e-6,0
1594,7.968592275882356e-7,0
1595,7.067082970151194e-5,0
1596,0.9649863318500328,1
1597,0.09256823485426934,0
1598,1.2412550012681928e-9,0
1599,5.195415004865573e-13,0
1600,2.2204460492503126e-16,0
1601,2.2204460492503126e-16,0
1602,2.2204460492503126e-16,0
1603,2.2204460492503126e-16,0
1604,2.2204460492503126e-16,0
1605,2.2204460492503126e-16,0
1606,2.2204460492503126e-16,0
1607,2.2204460492503126e-16,0
1608,2.2204460492503126e-16,0
1609,2.2204460492503126e-16,0
1610,2.2204460492503126e-16,0
1611,2.2204460492503126e-16,0
1612,2.2204460492503126e-16,0
1613,0.9999999664938354,1
1614,0.9999993072565168,1
1615,0.37843915812215895,0
1616,2.986072457847009e-4,0
1617,0.001937875537727916,0
1618,0.999964230718039,1
1619,0.9999846686397064,1
1620,0.001822696059355423,0
1621,0.0014864154837399282,0
1622,0.00176194803324542,0
1623,0.0022507819143502456,0
1624,0.004287044037402686,0
1625,0.0137376485860682,0
1626,0.0034984416658753676,0
1627,0.0010146205706591368,0
1628,0.003370517782890374,0
1629,5.425475171958715e-4,0
1630,0.04291305507872792,0
1631,0.0015302565101676933,0
1632,0.002235624307398091,0
1633,6.907915712669125e-5,0
1634,9.426137451575718e-7,0
1635,2.0853291136947018e-8,0
1636,2.0674636152419217e-9,0
1637,1.338226959689529e-7,0
1638,2.1684219046822687e-5,0
1639,0.9999999999999998,1
1640,0.9999999999999998,1
1641,5.040141521743424e-4,0
1642,0.0013716144098648796,0
1643,8.236589315997802e-4,0
1644,0.0019859743201350697,0
1645,0.005338996182443559,0
1646,6.113866605410897e-10,0
1647,1.331243416371455e-7,0
1648,2.885560128848619e-8,0
1649,1.4610455591275285e-7,0
1650,9.164452825171372e-11,0
1651,3.614065369343655e-10,0
1652,6.440819913910859e-10,0
1653,5.597304235387812e-9,0
1654,2.1326639743190666e-8,0
1655,1.839591389076289e-8,0
1656,1.7588398373662466e-9,0
1657,3.416666550621682e-10,0
1658,1.4284607138108918e-10,0
1659,4.578264440938565e-11,0
1660,1.990561448440147e-7,0
1661,6.124604190116527e-7,0
1662,3.366245922304639e-11,0
1663,2.2204460492503126e-16,0
1664,2.2204460492503126e-16,0
1665,2.2204460492503126e-16,0
1666,2.2204460492503126e-16,0
1667,2.2204460492503126e-16,0
1668,2.2204460492503126e-16,0
1669,2.2204460492503126e-16,0
1670,2.2204460492503126e-16,0
1671,1.7482881782625382e-12,0
1672,2.0087270506851846e-13,0
1673,2.2204460492503126e-16,0
1674,2.2204460492503126e-16,0
1675,0.0014796599854058612,0
1676,0.0022876838427963626,0
1677,0.9996847837550106,1
1678,0.9999822838911838,1
1679,0.9999235540098458,1
1680,0.001174284936913163,0
1681,0.0013317400068700038,0
1682,0.003052913743889059,0
1683,0.0015436242113890724,0
1684,0.0013560226582380046,0
1685,0.001152738768877438,0
1686,0.007181504980800941,0
1687,0.01115427572419332,0
1688,0.0033132472032790907,0
1689,8.372190257245648e-4,0
1690,0.005599188065823658,0
1691,3.3661471687835003e-4,0
1692,0.2575289130884367,0
1693,0.024711568868324218,0
1694,4.046988270442586e-4,0
1695,2.812273689288455e-5,0
1696,4.4921062464917444e-7,0
1697,1.0405770810428328e-8,0
1698,1.7455902784995529e-9,0
1699,5.906203708931831e-8,0
1700,4.420902329352156e-6,0
1701,7.168724266812605e-4,0
1702,0.9999999999999998,1
1703,0.05509488601781675,0
1704,0.5705195129912862,1
1705,0.008073606465233129,0
1706,0.018787866452518287,0
1707,0.015025321721542162,0
1708,1.3474310371852798e-9,0
1709,3.0535549156933785e-6,0
1710,5.209539599244852e-4,0
1711,3.5960759295121984e-5,0
1712,4.4305899717256156e-6,0
1713,9.310710517188595e-9,0
1714,1.0797385494107321e-11,0
1715,2.2204460492503126e-16,0
1716,1.870419759695509e-11,0
1717,4.302118430421251e-11,0
1718,2.0823802132248686e-11,0
1719,2.8787857934047894e-11,0
1720,1.7724853976043207e-11,0
1721,2.466004747490307e-12,0
1722,1.6500341203934245e-13,0
1723,2.2204460492503126e-16,0
1724,1.813662553337516e-13,0
1725,8.148408944821282e-12,0
1726,7.026427249801502e-12,0
1727,4.115804068131344e-12,0
1728,3.1803700195723786e-12,0
1729,1.6089243507739021e-13,0
1730,2.2204460492503126e-16,0
1731,2.2204460492503126e-16,0
1732,2.580987198504933e-13,0
1733,2.035021218567322e-12,0
1734,2.3185651664967016e-12,0
1735,1.3429745156248513e-12,0
1736,7.384652190066745e-13,0
1737,0.0018256284428236108,0
1738,0.0013118305441117547,0
1739,0.0016513783859921298,0
1740,0.0012665360273048545,0
1741,0.0016009098049321329,0
1742,0.0019773446720599643,0
1743,0.00131661645535679,0
1744,0.0027919996825274914,0
1745,0.0018794341148572313,0
1746,0.0014241189137374018,0
1747,0.4544943736454045,0
1748,0.06627736501054173,0
1749,0.03405645339130858,0
1750,0.0011493399398505375,0
1751,0.0015343366777303322,0
1752,0.0016027904850706553,0
1753,0.05158710686104422,0
1754,0.776688767573877,1
1755,4.2553120661969134e-4,0
1756,2.0002766130972272e-4,0
1757,1.5148930681905837e-4,0
1758,5.47430691853825e-6,0
1759,9.340248899690164e-8,0
1760,1.1337641394253813e-8,0
1761,1.0007630964726925e-7,0
1762,5.5672448669887455e-6,0
1763,3.9975444529315044e-4,0
1764,0.9999999999999998,1
1765,0.004231920163455358,0
1766,0.006701844053474019,0
1767,0.06377370280037557,0
1768,0.21806487411916425,0
1769,0.0013271363523398715,0
1770,7.029855812017678e-6,0
1771,2.6042420667450353e-6,0
1772,3.8633818074909154e-4,0
1773,1.296153829500999e-4,0
1774,3.699462995299978e-6,0
1775,1.3753558747320436e-7,0
1776,3.0590953157935952e-9,0
1777,1.411118025108311e-11,0
1778,1.5327010843979972e-13,0
1779,2.2204460492503126e-16,0
1780,3.3027128897248873e-13,0
1781,3.5767032545925162e-12,0
1782,1.386276506252821e-13,0
1783,2.2204460492503126e-16,0
1784,2.2204460492503126e-16,0
1785,2.2204460492503126e-16,0
1786,2.2204460492503126e-16,0
1787,2.2204460492503126e-16,0
1788,2.2204460492503126e-16,0
1789,2.2204460492503126e-16,0
1790,1.946968602944218e-12,0
1791,7.262723233033784e-10,0
1792,1.350963665311799e-8,0
1793,5.609208937658967e-9,0
1794,3.312498685217566e-9,0
1795,1.0097826846469142e-8,0
1796,7.327257441090978e-9,0
1797,8.667828421424735e-10,0
1798,7.073314608375936e-11,0
1799,0.002008224838860645,0
1800,0.0013697742717968236,0
1801,0.0023599534562490742,0
1802,0.0016331451853323288,0
1803,0.0017771675839359004,0
1804,0.0014598587055291224,0
1805,0.030207117503074688,0
1806,0.00223813817633579,0
1807,0.0022290012106224557,0
1808,0.9738686751483764,1
1809,0.0036419025432433143,0
1810,0.0012161399520853977,0
1811,0.0014421597559563112,0
1812,0.001195807394883628,0
1813,0.0018522721266482696,0
1814,0.002076363271245159,0
1815,0.002257622126497098,0
1816,0.9192170921612388,1
1817,0.0023699624283987073,0
1818,0.032790414938153566,0
1819,1.3683812732586824e-4,0
1820,1.3345014978159407e-5,0
1821,2.950698112380192e-6,0
1822,8.658062290732084e-8,0
1823,5.292502396706032e-7,0
1824,3.524488175031502e-5,0
1825,0.9999999999999998,1
1826,0.9999999999999998,1
1827,0.0017250682543022086,0
1828,1.5384971482671142e-4,0
1829,9.71275906845039e-5,0
1830,0.004772716573029163,0
1831,0.004221000079710371,0
1832,1.2454548965742381e-4,0
1833,4.937836065501006e-6,0
1834,2.7753033915698524e-5,0
1835,1.0915043807148158e-4,0
1836,1.7952072664637416e-5,0
1837,7.1371757454344555e-6,0
1838,5.152702599179796e-9,0
1839,2.1472091900409154e-11,0
1840,4.2626038594216447e-13,0
1841,2.2204460492503126e-16,0
1842,2.2204460492503126e-16,0
1843,2.2204460492503126e-16,0
1844,2.2204460492503126e-16,0
1845,2.2204460492503126e-16,0
1846,2.2204460492503126e-16,0
1847,2.2204460492503126e-16,0
1848,2.2204460492503126e-16,0
1849,2.2204460492503126e-16,0
1850,2.2204460492503126e-16,0
1851,2.2204460492503126e-16,0
1852,2.2204460492503126e-16,0
1853,2.2204460492503126e-16,0
1854,1.3667062270426844e-11,0
1855,7.367220836209556e-10,0
1856,2.779028031852943e-9,0
1857,8.802807198438367e-9,0
1858,9.126250003315729e-9,0
1859,5.1589340205106476e-8,0
1860,1.4689290142163007e-8,0
1861,0.0015031773689220137,0
1862,0.0016730842259521394,0
1863,0.0019851951917078323,0
1864,0.004464335511237143,0
1865,0.002435538275211028,0
1866,0.0012270707043633019,0
1867,0.030479426259121038,0
1868,0.0017629638546963241,0
1869,0.7065530380272133,1
1870,0.004779389088297106,0
1871,0.001977916809712076,0
1872,0.0014418985754314647,0
1873,0.001810117354346341,0
1874,0.001441894985102101,0
1875,0.0019238851921135971,0
1876,0.0037679598000396586,0
1877,0.4855865859759231,0
1878,0.6487537092139481,1
1879,0.008708521563766251,0
1880,0.0011156114332051684,0
1881,0.0021605020039223524,0
1882,7.425477237242458e-4,0
1883,8.238507902192632e-6,0
1884,5.162218713388845e-7,0
1885,4.5648810851846295e-6,0
1886,0.9999976760827236,1
1887,0.9999999999999998,1
1888,8.653385219855426e-5,0
1889,0.003668871454970034,0
1890,1.9283060476704535e-6,0
1901,2.6440115402316892e-9,0
1902,1.4570455213961528e-12,0
1903,1.6355236666699274e-13,0
1904,2.2204460492503126e-16,0
1905,2.2204460492503126e-16,0
1906,2.2204460492503126e-16,0
1907,2.2204460492503126e-16,0
1908,2.2204460492503126e-16,0
1909,2.2204460492503126e-16,0
1910,2.2204460492503126e-16,0
1911,2.2204460492503126e-16,0
1912,2.2204460492503126e-16,0
1913,2.2204460492503126e-16,0
1914,2.2204460492503126e-16,0
1915,2.2204460492503126e-16,0
1916,5.615164499404136e-13,0
1917,3.875493796500462e-11,0
1918,1.355533157713551e-10,0
1919,3.2538748394677317e-10,0
1920,1.4009913398735467e-8,0
1921,2.241453443605814e-10,0
1922,6.832828348862423e-8,0
1923,0.001453103091444577,0
1924,0.0013863608359890945,0
1925,0.0012883929458270909,0
1926,0.007593186060174468,0
1927,0.005956165003644953,0
1928,0.0015335912525710463,0
1929,0.04365690065950285,0
1930,0.8000877350688821,1
1931,0.7305148020959487,1
1932,0.0027149536632007725,0
1933,0.0033032272651813267,0
1934,0.0015974512557933723,0
1935,0.003247579425246822,0
1936,0.0016688382142590337,0
1937,0.001179768849801124,0
1938,0.003848863822226843,0
1939,0.9999990052185453,1
1940,0.01645802652997237,0
1941,0.011249479818117592,0
1942,0.007019156461838173,0
1943,0.002648664753505812,0
1944,3.0159271782981495e-4,0
1945,7.831447825026397e-6,0
1946,1.2550405166694783e-5,0
1947,0.9999999999999998,1
1948,0.9999999999999998,1
1949,7.46396145128791e-4,0
1950,0.2829197703283233,0
1951,0.02374859394068641,0
1965,1.5744600675730015e-11,0
1966,2.8816056186782824e-12,0
1967,2.2204460492503126e-16,0
1968,2.2204460492503126e-16,0
1969,2.2204460492503126e-16,0
1970,2.2204460492503126e-16,0
1971,2.2204460492503126e-16,0
1972,2.2204460492503126e-16,0
1973,2.2204460492503126e-16,0
1974,2.2204460492503126e-16,0
1975,2.2204460492503126e-16,0
1976,2.2204460492503126e-16,0
1977,2.2204460492503126e-16,0
1978,2.2204460492503126e-16,0
1979,1.1273469871919868e-12,0
1980,1.2804902523277677e-11,0
1981,2.6384108527894408e-11,0
1982,4.448060612545953e-11,0
1983,3.167697018484368e-8,0
1984,1.976174385105475e-6,0
1985,0.0020937062223322406,0
1986,0.0010356453123497216,0
1987,0.0016725168913258061,0
1988,0.001777096279103399,0
1989,0.017036545498011983,0
1990,0.001641913083866962,0
1991,0.9978440202379137,1
1992,0.02110449189847576,0
1993,0.003966583702245408,0
1994,0.0022418146238831855,0
1995,0.0015215313725777434,0
1996,0.0011820641428744731,0
1997,0.0016692028955029984,0
1998,0.016477744421467554,0
1999,0.0015048820379862343,0
2000,0.9997438843057815,1
2001,0.06071088774273291,0
2002,3.1967428897276704e-4,0
2003,5.270943494758904e-4,0
2004,0.002094843486729884,0
2005,6.138319800364013e-4,0
2006,2.201259104881584e-4,0
2007,2.075777512508971e-5,0
2008,0.9999999999999998,1
2009,0.9999999999999998,1
2010,0.0012959142664301026,0
2011,9.360802729970903e-5,0
2012,0.9391225695570856,1
2031,2.2204460492503126e-16,0
2032,2.2204460492503126e-16,0
2033,2.2204460492503126e-16,0
2034,2.2204460492503126e-16,0
2035,2.2204460492503126e-16,0
2036,2.2204460492503126e-16,0
2037,2.2204460492503126e-16,0
2038,2.2204460492503126e-16,0
2039,2.2204460492503126e-16,0
2040,2.2204460492503126e-16,0
2041,2.2204460492503126e-16,0
2042,1.152851339131138e-13,0
2043,3.1448587366654976e-12,0
2044,1.95807150827011e-11,0
2045,2.367007169551946e-9,0
2046,7.679428248636681e-9,0
2047,0.0014637022733032833,0
2048,0.0011911750927109316,0
2049,0.0014980404586813322,0
2050,0.0036374775377810364,0
2051,0.027440281119991722,0
2052,0.0014017827971686612,0
2053,0.9999284378424977,1
2054,0.0011598367033713896,0
2055,0.0012570925830758394,0
2056,0.0017699689114870536,0
2057,0.0015351690704199306,0
2058,0.0025525254364676567,0
2059,0.02064754774634261,0
2060,0.0017192054500429295,0
2061,0.9999993703153301,1
2062,0.03504823320642098,0
2063,0.0016790465749527696,0
2064,0.00660030083416799,0
2065,0.003956675340976115,0
2066,2.0512691375770335e-4,0
2067,1.5608790495247165e-5,0
2068,7.88147147128333e-6,0
2069,8.156485827720997e-5,0
2070,0.9999999999999998,1
2071,0.0020986572176569414,0
2072,1.4702799429889912e-4,0
2073,0.0019194387572997562,0
2074,0.0017122252556886935,0
2095,2.2204460492503126e-16,0
2096,2.2204460492503126e-16,0
2097,2.2204460492503126e-16,0
2098,2.2204460492503126e-16,0
2099,2.2204460492503126e-16,0
2100,2.2204460492503126e-16,0
2101,2.2204460492503126e-16,0
2102,2.2204460492503126e-16,0
2103,2.2204460492503126e-16,0
2104,2.2204460492503126e-16,0
2105,2.2204460492503126e-16,0
2106,2.2204460492503126e-16,0
2107,2.2204460492503126e-16,0
2108,1.3841216123369278e-12,0
2109,0.0012462384942893432,0
2110,0.0012303231692231804,0
2111,0.0012750411575249215,0
2112,0.001429808846712635,0
2113,0.008075273107582567,0
2114,0.9998331323864885,1
2115,0.028350257714119566,0
2116,0.0012089131171550119,0
2117,0.001244660521260301,0
2118,0.0011377894279551565,0
2119,0.001153003962419243,0
2120,0.007666628008853365,0
2121,0.0011728399283820886,0
2122,0.07641817973043528,0
2123,0.5112708580552765,1
2124,0.0011661035092652406,0
2125,0.0044345441775933804,0
2126,9.018930061155682e-4,0
2127,2.39741895727941e-4,0
2128,1.5992667853297505e-5,0
2129,1.1161601697376582e-6,0
2130,2.928616159964997e-6,0
2131,1.8689389723010934e-4,0
2132,0.9999999999999998,1
2133,1.554934017800899e-4,0
2134,1.0643549616976842e-5,0
2135,8.935330087633391e-4,0
2160,2.2204460492503126e-16,0
2161,2.2204460492503126e-16,0
2162,2.2204460492503126e-16,0
2163,2.2204460492503126e-16,0
2164,2.2204460492503126e-16,0
2165,2.2204460492503126e-16,0
2166,2.2204460492503126e-16,0
2167,2.2204460492503126e-16,0
2168,2.2204460492503126e-16,0
2169,2.2204460492503126e-16,0
2170,2.2204460492503126e-16,0
